Product_ID,Product_Name,Category,Revenue,Profit,Units,Orders,Profit_Margin
P00001,Brivon Classic Fitness,Sports & Outdoors,5137.83,2042.48,155,105,0.39753748177732623
P00002,Mirello Comfort Bags,Fashion,4287.85,1402.8600000000001,111,78,0.32717095980503047
P00003,Solara Pro Stationery,Office,22177.02,5548.0199999999995,690,480,0.2501697703298279
P00004,Nexora Classic Yoga,Sports & Outdoors,7613.22,2530.88,326,215,0.33243226913185225
P00005,Orbito Lite Power Banks,Electronics,25063.219999999998,4550.42,264,180,0.18155767694653763
P00006,Kentra Essential Pet Beds,Pet Supplies,5660.87,1500.09,338,231,0.2649928367901047
P00007,Velto Prime Fitness,Sports & Outdoors,21406.62,7578.97,511,376,0.3540479533901195
P00008,Calibre Lite Camping,Sports & Outdoors,2403.8,797.0,52,34,0.33155836592062565
P00009,Torven Lite Speakers,Electronics,13273.810000000001,2219.41,120,86,0.16720218234252257
P00010,Avero Pro Shoes,Fashion,11415.300000000001,5415.78,431,302,0.4744316837928043
P00011,Lumex Max Accessories,Fashion,1064.61,422.61,43,27,0.3969622678727422
P00012,Nexora Classic Dog Supplies,Pet Supplies,12760.45,5586.16,554,371,0.43777139520941655
P00013,Kentra Classic Hair Care,Beauty,2064.7799999999997,895.4,118,73,0.43365394860469403
P00014,Calibre Flex Stationery,Office,26999.16,5516.84,538,361,0.20433376445785723
P00015,Mirello Essential T-Shirts,Fashion,527.25,180.19,37,22,0.34175438596491226
P00016,Nexora Flex Cookware,Home & Kitchen,3723.4700000000003,770.4499999999999,237,157,0.20691720357623397
P00017,Novexa Plus Grooming,Beauty,2530.02,1191.8700000000001,55,37,0.4710911376194655
P00018,Avero Classic Speakers,Electronics,34853.74,6901.66,663,460,0.1980177737023344
P00019,Torven Elite Chairs,Office,480.03,156.07999999999998,11,6,0.3251463450201029
P00020,Solara Lite Skincare,Beauty,507.24,232.68,33,19,0.458717766737639
P00021,Torven Prime Camping,Sports & Outdoors,7647.18,2298.3,153,106,0.3005421606396083
P00022,Velto Plus Shoes,Fashion,12657.62,4858.0,273,171,0.3838004300966532
P00023,Lumex Max Toys,Pet Supplies,472.38,180.11,11,9,0.38128201871374745
P00024,Calibre Comfort Stationery,Office,10775.2,2739.38,403,287,0.2542300838963546
P00025,Mirello Prime Cycling,Sports & Outdoors,3456.77,1053.04,161,112,0.30463120196021143
P00026,Kentra Lite Storage,Home & Kitchen,1817.06,541.5799999999999,27,19,0.2980528986384599
P00027,Tekaro Elite Jeans,Fashion,8280.89,3167.75,251,166,0.382537384266667
P00028,Orbito Plus Keyboards,Electronics,12248.29,1725.67,159,112,0.1408906875980239
P00029,Zenvia Prime Mice,Electronics,20233.49,3338.2,246,159,0.16498389551184692
P00030,Solara Flex Running,Sports & Outdoors,5502.28,1464.5,118,84,0.2661623908634239
P00031,Mirello Elite Outdoor Gear,Sports & Outdoors,23790.989999999998,8515.26,368,259,0.357919531721883
P00032,Lumex Elite Dog Supplies,Pet Supplies,5042.93,1732.73,108,74,0.34359588572516375
P00033,Brivon Elite Small Appliances,Home & Kitchen,6376.05,1282.77,144,104,0.20118568706330722
P00034,Kentra Prime Bags,Fashion,2876.34,907.44,53,40,0.3154842612486702
P00035,Calibre Lite T-Shirts,Fashion,2279.75,980.21,121,86,0.42996381182147164
P00036,Mirello Flex Cookware,Home & Kitchen,7355.75,1889.75,150,104,0.25690786119702275
P00037,Kentra Comfort Speakers,Electronics,22900.47,3878.12,202,133,0.16934674266510685
P00038,Velto Max T-Shirts,Fashion,35279.85,15146.17,916,618,0.4293150339358019
P00039,Torven Flex Storage,Home & Kitchen,7790.71,2745.67,364,269,0.35242872600828423
P00040,Brivon Classic Camping,Sports & Outdoors,8020.51,3166.85,259,178,0.39484396877505296
P00041,Lumex Pro T-Shirts,Fashion,6982.1,2941.82,116,81,0.42133741997393337
P00042,Mirello Lite Chairs,Office,4214.63,1197.11,381,258,0.28403679563805123
P00043,Kentra Flex Outdoor Gear,Sports & Outdoors,5613.35,1385.12,136,84,0.24675461177371796
P00044,Zenvia Classic Drinkware,Home & Kitchen,11845.21,2801.9,372,257,0.23654287260420037
P00045,Mirello Max Organizers,Office,14924.55,3945.81,486,331,0.26438385076936993
P00046,Tekaro Comfort Chairs,Office,34369.5,6856.69,595,392,0.19949926533699935
P00047,Kentra Max T-Shirts,Fashion,6303.72,2045.8100000000002,274,173,0.32454011282227
P00048,Mavix Plus Bedding,Home & Kitchen,3345.62,744.62,68,52,0.22256562311320474
P00049,Nexora Max Running,Sports & Outdoors,3916.34,980.4399999999999,187,131,0.2503459863035385
P00050,Mavix Elite Speakers,Electronics,3632.78,957.9399999999999,41,34,0.2636933698159536
P00051,Lumex Flex Storage,Home & Kitchen,7211.36,2537.81,124,85,0.3519183621397351
P00052,Kentra Essential Mice,Electronics,32230.34,6428.900000000001,588,414,0.19946733419504728
P00053,Brivon Comfort Camping,Sports & Outdoors,7856.29,3256.89,260,184,0.41455827114324956
P00054,Solara Elite Fitness,Sports & Outdoors,7999.9,2331.82,228,158,0.29148114351429394
P00055,Avero Elite Cycling,Sports & Outdoors,10540.77,4118.16,170,121,0.3906887257762004
P00056,Torven Plus Fitness,Sports & Outdoors,9818.84,3927.46,145,94,0.3999922597781408
P00057,Brivon Prime Bags,Fashion,5865.95,2604.09,161,102,0.4439332077498104
P00058,Nexora Elite Hair Care,Beauty,6278.97,2226.81,288,202,0.3546457460379648
P00059,Orbito Plus Smart Watches,Electronics,5335.6,967.6,80,58,0.18134792713096934
P00060,Lumex Prime Speakers,Electronics,19556.28,5151.71,139,103,0.263429957026592
P00061,Calibre Classic Running,Sports & Outdoors,25725.52,10074.48,368,262,0.39161424142252516
P00062,Orbito Max Accessories,Fashion,6057.43,3025.02,134,85,0.4993900053322944
P00063,Brivon Lite Hair Care,Beauty,20954.88,12369.92,706,498,0.5903121373159855
P00064,Calibre Classic Yoga,Sports & Outdoors,3001.95,972.65,223,141,0.32400606272589483
P00065,Kentra Prime Hair Care,Beauty,1856.43,686.15,68,51,0.3696072569393944
P00066,Nexora Elite Skincare,Beauty,2517.52,1119.27,85,61,0.44459229718135307
P00067,Tekaro Flex Grooming,Beauty,979.5600000000001,376.2,48,35,0.38404998162440274
P00068,Kentra Max Storage,Home & Kitchen,11458.539999999999,2708.9500000000003,113,73,0.2364131905111821
P00069,Torven Max Mice,Electronics,4626.72,705.62,113,81,0.1525097693398347
P00070,Nexora Plus T-Shirts,Fashion,7997.33,2601.33,190,137,0.32527481046799367
P00071,Brivon Comfort Cookware,Home & Kitchen,130615.78,38430.17,2665,1859,0.29422302573241915
P00072,Calibre Comfort Shoes,Fashion,44336.49,22400.239999999998,763,519,0.5052325973481436
P00073,Calibre Plus Organizers,Office,7102.96,1765.4199999999998,117,79,0.2485470845957178
P00074,Tekaro Elite Cookware,Home & Kitchen,69707.15,19290.42,584,399,0.2767351699215934
P00075,Kentra Lite Speakers,Electronics,28697.96,6044.34,407,274,0.2106191520233494
P00076,Nexora Comfort Storage,Home & Kitchen,28659.39,8915.71,352,242,0.3110921062869796
P00077,Mavix Elite Cookware,Home & Kitchen,2729.5899999999997,912.44,41,32,0.3342773090464136
P00078,Calibre Plus Camping,Sports & Outdoors,31119.68,8129.4400000000005,728,496,0.26123147795864227
P00079,Solara Elite Makeup,Beauty,3971.79,1864.53,138,94,0.4694432485101176
P00080,Solara Lite Cycling,Sports & Outdoors,510.28000000000003,163.88,40,27,0.3211570118366387
P00081,Mavix Pro Outdoor Gear,Sports & Outdoors,35907.96,12365.35,631,452,0.34436236422230615
P00082,Brivon Elite Jeans,Fashion,17541.3,5670.75,405,277,0.3232799165398232
P00083,Solara Prime Desk Accessories,Office,7524.42,1962.87,255,181,0.260866618290845
P00084,Novexa Prime Headphones,Electronics,7624.65,1970.4,75,51,0.25842497688418486
P00085,Mavix Prime Speakers,Electronics,17010.6,4634.76,228,154,0.2724630524496491
P00086,Novexa Comfort Mice,Electronics,4717.72,1115.9199999999998,27,20,0.23653798868945164
P00087,Torven Comfort Outdoor Gear,Sports & Outdoors,3883.82,1202.86,118,81,0.309710542713102
P00088,Solara Lite Bags,Fashion,7353.82,3590.54,157,106,0.4882550837523899
P00089,Velto Classic Mice,Electronics,8694.53,1360.79,243,178,0.1565110477507122
P00090,Velto Flex Jeans,Fashion,28958.62,14222.37,633,433,0.4911273396315156
P00091,Orbito Flex Power Banks,Electronics,61850.42,17848.09,307,220,0.2885686144087623
P00092,Orbito Max Fitness,Sports & Outdoors,68357.66,19136.95,659,462,0.27995326346747385
P00093,Mirello Flex Jeans,Fashion,13082.43,6300.83,245,183,0.48162535553410185
P00094,Calibre Plus Jeans,Fashion,27815.55,11832.66,407,274,0.42539730474500775
P00095,Orbito Prime Bedding,Home & Kitchen,16645.29,3509.47,506,330,0.21083862161608477
P00096,Mavix Lite Makeup,Beauty,2725.84,959.41,172,118,0.35196856748745337
P00097,Novexa Pro Jeans,Fashion,2971.1,1513.1,108,74,0.5092726599575914
P00098,Kentra Classic Keyboards,Electronics,1666.62,298.26,27,15,0.17896101090830543
P00099,Nexora Prime Smart Watches,Electronics,30838.48,6185.68,428,272,0.20058316752317237
P00100,Nexora Pro Cat Supplies,Pet Supplies,5686.38,1864.1000000000001,238,159,0.327818401162075
P00101,Lumex Flex Cat Supplies,Pet Supplies,33016.520000000004,10546.14,1069,749,0.3194200963638808
P00102,Avero Elite Cycling,Sports & Outdoors,1701.46,629.86,76,54,0.37018795622582956
P00103,Solara Comfort Bedding,Home & Kitchen,1508.35,558.31,39,24,0.3701461862299864
P00104,Calibre Elite Toys,Pet Supplies,188.46,79.6,28,18,0.4223707948636315
P00105,Novexa Prime Running,Sports & Outdoors,67915.19,16309.3,865,598,0.24014215376560089
P00106,Solara Lite Fitness,Sports & Outdoors,325.38,100.2,18,15,0.30794763046284346
P00107,Brivon Elite Jackets,Fashion,14319.81,7417.53,198,146,0.5179908113305972
P00108,Lumex Flex Cookware,Home & Kitchen,60.36,23.1,2,2,0.3827037773359841
P00109,Torven Plus Power Banks,Electronics,2209.96,639.58,14,7,0.28940795308512374
P00110,Calibre Comfort Cat Supplies,Pet Supplies,840.2199999999999,267.65,31,25,0.3185475232677156
P00111,Torven Comfort Shoes,Fashion,1015.45,453.42,49,34,0.44652124673789945
P00112,Novexa Essential Storage,Home & Kitchen,11461.37,2606.37,220,147,0.2274047517879625
P00113,Torven Essential Lighting,Home & Kitchen,2580.7400000000002,897.24,70,43,0.34766772321117195
P00114,Velto Flex Fragrance,Beauty,3058.39,1175.68,164,120,0.3844114060011967
P00115,Velto Pro Speakers,Electronics,48512.22,7284.43,737,542,0.15015659971858636
P00116,Torven Pro Organizers,Office,327.1,73.18,16,13,0.223723631916845
P00117,Torven Elite Cycling,Sports & Outdoors,3451.64,1086.8600000000001,66,49,0.3148822009247778
P00118,Tekaro Prime Cycling,Sports & Outdoors,3037.61,1191.1399999999999,61,45,0.3921306553507527
P00119,Kentra Comfort Shoes,Fashion,972.9699999999999,345.26,41,33,0.35485163982445506
P00120,Mirello Essential Skincare,Beauty,4594.62,2723.1,112,73,0.5926714287579822
P00121,Velto Prime Hair Care,Beauty,1461.44,804.4399999999999,60,36,0.5504433982920954
P00122,Nexora Classic Skincare,Beauty,3990.0299999999997,2136.92,161,112,0.5355648955020389
P00123,Nexora Lite Smart Watches,Electronics,7922.21,1560.55,157,110,0.19698417487039602
P00124,Novexa Comfort Jackets,Fashion,11349.91,5242.5,468,338,0.4618979357545567
P00125,Torven Pro Headphones,Electronics,52172.090000000004,10332.89,540,375,0.19805397866943797
P00126,Lumex Prime Accessories,Fashion,65294.33,31762.41,698,499,0.4864497422670544
P00127,Lumex Plus Small Appliances,Home & Kitchen,4700.16,1015.51,62,41,0.2160586022603486
P00128,Nexora Prime Smart Watches,Electronics,35472.13,6489.52,243,165,0.18294700656543605
P00129,Mirello Comfort Smart Watches,Electronics,9461.76,1580.64,144,93,0.16705560064935066
P00130,Avero Elite Hair Care,Beauty,1850.93,706.85,72,45,0.3818891043961684
P00131,Mavix Comfort Mice,Electronics,236348.0,63078.32,904,601,0.26688747101731347
P00132,Novexa Comfort Cat Supplies,Pet Supplies,988.22,281.83,58,37,0.28518953269514885
P00133,Novexa Comfort Makeup,Beauty,17255.94,9921.619999999999,392,265,0.5749683876972219
P00134,Solara Essential Small Appliances,Home & Kitchen,1082.41,244.32999999999998,72,47,0.2257277741336462
P00135,Mirello Max Grooming,Beauty,1564.1399999999999,783.1,104,72,0.500658508829133
P00136,Nexora Elite Power Banks,Electronics,7169.69,1918.08,91,62,0.2675262110356236
P00137,Zenvia Plus Dog Supplies,Pet Supplies,3506.23,1542.57,94,68,0.4399511726270096
P00138,Nexora Prime Shoes,Fashion,3578.28,1829.28,150,96,0.5112176800026829
P00139,Orbito Classic Running,Sports & Outdoors,1709.42,484.82,26,22,0.2836166653016813
P00140,Calibre Classic Mice,Electronics,2565.33,605.91,34,25,0.23619183496860052
P00141,Novexa Prime Bags,Fashion,15467.4,5632.9,425,286,0.36417885358883845
P00142,Novexa Plus Bags,Fashion,1779.3999999999999,775.68,46,21,0.4359222209733618
P00143,Novexa Flex Cat Supplies,Pet Supplies,833.45,348.2,75,53,0.4177815105885176
P00144,Kentra Comfort Grooming,Beauty,30048.93,12977.029999999999,395,270,0.431863297628235
P00145,Solara Max Shoes,Fashion,15429.17,5008.43,198,138,0.3246078693798824
P00146,Solara Prime Bedding,Home & Kitchen,4428.67,1032.76,103,69,0.23319868041646816
P00147,Kentra Prime Lighting,Home & Kitchen,4572.27,1591.68,219,148,0.34811592491257076
P00148,Velto Comfort Jeans,Fashion,7070.88,2766.48,170,120,0.39124974543479735
P00149,Tekaro Lite Jeans,Fashion,3594.0800000000004,1134.92,108,78,0.31577482971998394
P00150,Tekaro Lite Smart Watches,Electronics,63090.590000000004,14092.8,1273,887,0.2233740404076107
P00151,Avero Prime Chairs,Office,7369.87,2566.67,160,116,0.3482653018302901
P00152,Mirello Essential Desk Accessories,Office,2192.21,748.11,70,50,0.3412583648464335
P00153,Novexa Pro Keyboards,Electronics,8512.07,2345.5099999999998,116,86,0.2755510704211784
P00154,Brivon Max Fragrance,Beauty,5591.66,2214.65,199,139,0.39606306535089764
P00155,Novexa Lite Keyboards,Electronics,64984.27,10432.63,286,190,0.16054085088591438
P00156,Lumex Comfort Fitness,Sports & Outdoors,1147.51,411.11,40,27,0.3582626730921735
P00157,Novexa Plus Bedding,Home & Kitchen,4022.29,1059.21,85,60,0.26333506534834633
P00158,Avero Flex Cycling,Sports & Outdoors,87226.27,22944.63,1609,1081,0.2630472448265872
P00159,Calibre Plus Outdoor Gear,Sports & Outdoors,4194.54,1426.21,242,163,0.34001583010294334
P00160,Zenvia Elite Fitness,Sports & Outdoors,11601.51,4762.05,376,263,0.41046812009815964
P00161,Orbito Plus Power Banks,Electronics,21284.0,3485.59,206,137,0.16376573952264611
P00162,Avero Elite Dog Supplies,Pet Supplies,4609.1,1228.7,360,254,0.26658132824195613
P00163,Lumex Prime Cookware,Home & Kitchen,5261.42,1848.22,115,87,0.35127779192689423
P00164,Mavix Flex Mice,Electronics,46546.93,10855.61,574,392,0.23321860324622914
P00165,Tekaro Lite Hair Care,Beauty,580.71,310.95,24,18,0.5354652063852869
P00166,Lumex Plus Jackets,Fashion,14447.89,6145.12,207,135,0.42532992706893535
P00167,Novexa Prime Chairs,Office,35219.92,7013.64,989,669,0.19913844210889747
P00168,Torven Comfort Stationery,Office,20389.68,4727.27,480,324,0.23184620847409082
P00169,Calibre Pro Lighting,Home & Kitchen,8206.04,2784.98,243,170,0.33938172370595315
P00170,Tekaro Elite Cat Supplies,Pet Supplies,12127.21,4829.79,338,238,0.3982606056957866
P00171,Orbito Classic Cookware,Home & Kitchen,16775.86,4229.84,492,331,0.25213848947237283
P00172,Nexora Comfort Shoes,Fashion,2738.91,1283.88,27,17,0.4687558189206656
P00173,Nexora Max Small Appliances,Home & Kitchen,13265.31,4315.55,512,360,0.32532598182778993
P00174,Avero Lite Grooming,Pet Supplies,2612.6,916.1,174,123,0.350646865191763
P00175,Lumex Flex Keyboards,Electronics,27548.57,5566.97,240,180,0.20207836559211603
P00176,Torven Lite Power Banks,Electronics,5647.610000000001,1498.5800000000002,87,58,0.2653476426311307
P00177,Solara Elite Shoes,Fashion,5967.53,3206.33,78,53,0.5372960001876823
P00178,Torven Prime Pet Beds,Pet Supplies,8532.79,3278.26,321,227,0.38419555620143
P00179,Lumex Max Desk Accessories,Office,1885.79,503.02,53,35,0.26674232019471944
P00180,Torven Elite Outdoor Gear,Sports & Outdoors,5171.04,1625.51,79,59,0.3143487576967109
P00181,Mavix Plus Chairs,Office,19336.71,4097.45,498,344,0.21190005952408658
P00182,Kentra Prime Desk Accessories,Office,3079.21,758.05,92,61,0.24618327428139034
P00183,Novexa Elite Shoes,Fashion,12783.9,5690.820000000001,323,221,0.4451552343181659
P00184,Mavix Comfort Cookware,Home & Kitchen,5717.18,1295.42,168,117,0.2265837353380513
P00185,Orbito Pro Camping,Sports & Outdoors,3158.4,939.1999999999999,76,55,0.2973657548125633
P00186,Torven Max Yoga,Sports & Outdoors,5342.01,2201.17,260,189,0.41204902274611993
P00187,Novexa Flex T-Shirts,Fashion,49185.68,27140.28,695,469,0.5517923102821797
P00188,Zenvia Pro Smart Watches,Electronics,55908.85,9703.789999999999,626,429,0.17356447145666562
P00189,Brivon Plus Running,Sports & Outdoors,9914.0,4245.46,151,105,0.4282287673996369
P00190,Mavix Elite Lighting,Home & Kitchen,2506.66,931.03,63,43,0.3714225303790702
P00191,Velto Pro Cat Supplies,Pet Supplies,3478.6600000000003,1500.1,108,72,0.43122926644167575
P00192,Mavix Elite Storage,Home & Kitchen,53555.01,20414.87,831,555,0.381194401793595
P00193,Mirello Essential Speakers,Electronics,47288.93,8254.22,429,280,0.17454867344217767
P00194,Nexora Max Stationery,Office,21771.16,6071.84,532,344,0.2788937291352413
P00195,Tekaro Flex Mice,Electronics,3213.4,814.9599999999999,46,32,0.25361299558100453
P00196,Mavix Plus Keyboards,Electronics,7534.27,1114.27,125,87,0.14789355836730034
P00197,Calibre Plus Makeup,Beauty,6850.0599999999995,2746.05,475,324,0.40087970032379283
P00198,Torven Classic Organizers,Office,6184.66,1074.82,302,193,0.17378804978770054
P00199,Nexora Comfort Cookware,Home & Kitchen,3875.48,980.92,79,52,0.2531092922683126
P00200,Calibre Essential Cookware,Home & Kitchen,5173.7,1590.3,95,63,0.3073815644509732
P00201,Calibre Pro Fitness,Sports & Outdoors,3609.25,1234.1499999999999,63,45,0.3419408464362402
P00202,Mavix Flex Pet Beds,Pet Supplies,19183.39,5162.82,1297,908,0.2691297002250384
P00203,Mirello Max Shoes,Fashion,946.42,338.03999999999996,19,11,0.35717757443841
P00204,Mirello Pro Speakers,Electronics,22383.21,3389.89,337,219,0.15144789330931532
P00205,Tekaro Elite Power Banks,Electronics,5339.17,1253.18,89,68,0.23471438444552245
P00206,Mirello Lite Small Appliances,Home & Kitchen,2090.03,533.75,108,82,0.2553791093907743
P00207,Kentra Plus Power Banks,Electronics,5967.01,831.69,157,114,0.13938136520635963
P00208,Orbito Lite Cycling,Sports & Outdoors,2001.59,451.7,51,33,0.22567059187945585
P00209,Tekaro Max Mice,Electronics,11239.03,2870.79,232,176,0.25543040636069125
P00210,Calibre Lite Bags,Fashion,3355.76,1122.5,57,38,0.3344994874484468
P00211,Tekaro Flex Running,Sports & Outdoors,602.61,138.63,33,28,0.2300492856076069
P00212,Lumex Plus Hair Care,Beauty,1447.42,626.3199999999999,115,85,0.43271476143759235
P00213,Calibre Comfort Cookware,Home & Kitchen,1424.88,324.06,42,28,0.22742967828869798
P00214,Solara Elite Printers,Office,1285.6,451.2,40,30,0.3509645301804605
P00215,Avero Plus Running,Sports & Outdoors,103654.20999999999,43434.52,2010,1386,0.41903285935033413
P00216,Novexa Essential Outdoor Gear,Sports & Outdoors,5805.44,1960.04,170,107,0.3376212655716018
P00217,Calibre Lite Headphones,Electronics,6425.64,1473.94,48,29,0.22938415473011248
P00218,Tekaro Prime Keyboards,Electronics,19994.24,2891.9,162,112,0.14463665535674272
P00219,Lumex Max Grooming,Pet Supplies,7690.97,3345.34,201,139,0.43496984125539434
P00220,Mirello Elite Jackets,Fashion,6026.26,2323.84,134,83,0.3856189411011141
P00221,Zenvia Classic Cookware,Home & Kitchen,1211.3200000000002,261.32,19,13,0.21573159858666574
P00222,Solara Prime Jeans,Fashion,8088.27,4353.8099999999995,211,140,0.5382869266233693
P00223,Velto Plus Fitness,Sports & Outdoors,61774.14,18691.739999999998,619,415,0.3025819541963676
P00224,Solara Elite Toys,Pet Supplies,4707.610000000001,1813.81,265,186,0.3852931742434058
P00225,Velto Max Cookware,Home & Kitchen,24083.39,9119.89,961,648,0.3786796626222471
P00226,Calibre Classic Dog Supplies,Pet Supplies,331.46999999999997,137.97,30,18,0.4162367635080098
P00227,Lumex Plus Smart Watches,Electronics,11600.79,2961.39,60,39,0.25527485628133945
P00228,Zenvia Max Hair Care,Beauty,1153.45,631.27,101,74,0.5472885690753825
P00229,Calibre Pro Hair Care,Beauty,26839.739999999998,15673.5,688,462,0.583966163606652
P00230,Zenvia Lite Mice,Electronics,2853.6,760.8000000000001,48,32,0.2666105971404542
P00231,Nexora Plus Smart Watches,Electronics,4122.64,1024.86,58,40,0.2485931344963421
P00232,Velto Lite T-Shirts,Fashion,8958.27,3094.47,174,121,0.3454316514237682
P00233,Mavix Lite Grooming,Pet Supplies,4563.41,1423.73,211,133,0.31198818427447894
P00234,Orbito Comfort Skincare,Beauty,2241.8,955.57,41,30,0.4262512266928361
P00235,Lumex Classic Grooming,Pet Supplies,7786.45,2407.81,292,206,0.3092307791098639
P00236,Avero Classic Chairs,Office,48516.4,15777.44,1326,910,0.32519807735116374
P00237,Solara Comfort Accessories,Fashion,8001.44,2500.8,248,173,0.3125437421264173
P00238,Novexa Plus Running,Sports & Outdoors,16252.44,5018.69,475,326,0.30879609461717744
P00239,Novexa Elite Headphones,Electronics,19259.920000000002,2496.41,192,120,0.1296168416068187
P00240,Novexa Prime Mice,Electronics,8995.6,1580.5,110,74,0.17569700742585262
P00241,Tekaro Prime Chairs,Office,9472.15,3373.86,356,244,0.3561873492290557
P00242,Brivon Plus Desk Accessories,Office,1970.6,550.22,78,51,0.27921445245103016
P00243,Kentra Essential Drinkware,Home & Kitchen,6697.84,1391.6299999999999,91,68,0.2077729536686454
P00244,Avero Lite Jackets,Fashion,42184.01,16284.69,538,379,0.38603940213365207
P00245,Torven Pro Skincare,Beauty,2955.31,1099.76,85,54,0.3721301657017369
P00246,Novexa Max Desk Accessories,Office,17298.13,3852.13,249,183,0.22269054516297426
P00247,Lumex Prime Skincare,Beauty,10665.59,6118.39,320,218,0.5736569660000056
P00248,Mirello Max Shoes,Fashion,14389.39,5369.24,445,289,0.37313881964419615
P00249,Calibre Lite Bags,Fashion,5567.21,2118.81,233,168,0.38058740374442496
P00250,Mirello Elite Accessories,Fashion,2404.4,1071.01,47,33,0.44543753119281315
P00251,Nexora Lite Camping,Sports & Outdoors,16846.96,3731.24,262,173,0.2214785338126285
P00252,Mavix Plus Stationery,Office,22262.18,6804.14,468,325,0.30563673458753815
P00253,Zenvia Lite Shoes,Fashion,4997.32,2009.06,94,67,0.40202748673288885
P00254,Tekaro Classic Bedding,Home & Kitchen,16541.05,4632.26,160,106,0.28004630903116795
P00255,Calibre Essential Cookware,Home & Kitchen,12120.960000000001,2776.98,207,132,0.22910561539680024
P00256,Brivon Lite Outdoor Gear,Sports & Outdoors,1098.95,247.75,38,29,0.22544246781018243
P00257,Lumex Classic Chairs,Office,49345.63,15413.03,403,270,0.31234842882743624
P00258,Velto Comfort Headphones,Electronics,46210.62,13264.34,452,307,0.28704094426778953
P00259,Zenvia Lite Headphones,Electronics,2721.7,759.56,58,37,0.2790755777638976
P00260,Calibre Max Hair Care,Beauty,7055.19,3318.71,242,164,0.4703927179849161
P00261,Nexora Essential Power Banks,Electronics,2414.9199999999996,302.91999999999996,20,16,0.12543686747387078
P00262,Torven Plus Printers,Office,2099.47,339.28,69,53,0.16160269020276546
P00263,Velto Classic Drinkware,Home & Kitchen,1532.97,286.57,40,27,0.18693777438566964
P00264,Mavix Classic Smart Watches,Electronics,12989.01,2445.68,296,195,0.18828840689167226
P00265,Kentra Comfort Toys,Pet Supplies,2231.39,617.6,139,92,0.2767781517350172
P00266,Brivon Elite Headphones,Electronics,2849.87,727.07,61,40,0.25512391793309874
P00267,Mirello Elite Bedding,Home & Kitchen,3511.18,1056.04,83,65,0.30076498499080084
P00268,Novexa Flex Smart Watches,Electronics,17029.22,4420.47,175,127,0.2595814723164067
P00269,Mirello Prime Keyboards,Electronics,4281.29,1076.75,38,25,0.2515012998418701
P00270,Solara Essential Power Banks,Electronics,44883.69,12803.23,386,262,0.2852535074544896
P00271,Torven Pro Speakers,Electronics,44034.24,6461.04,497,340,0.14672763740216704
P00272,Novexa Prime Mice,Electronics,13634.98,3486.25,123,85,0.25568427676461575
P00273,Tekaro Prime Power Banks,Electronics,13679.19,1958.42,279,198,0.1431678337679351
P00274,Tekaro Lite Hair Care,Beauty,8141.01,2830.43,265,192,0.34767553411677415
P00275,Velto Essential Cycling,Sports & Outdoors,27540.61,8289.07,463,331,0.30097626741019895
P00276,Mirello Lite Accessories,Fashion,2987.54,1570.84,62,36,0.5257971441386559
P00277,Orbito Lite Drinkware,Home & Kitchen,82266.78,22424.57,1843,1247,0.2725835385802143
P00278,Novexa Classic Jeans,Fashion,10636.2,3642.6,235,163,0.3424719354656738
P00279,Brivon Elite Organizers,Office,12343.16,4081.16,300,212,0.3306414240761685
P00280,Solara Elite Stationery,Office,3799.25,1293.15,38,28,0.3403698098308877
P00281,Calibre Max Mice,Electronics,971.34,183.09,15,14,0.1884921860522577
P00282,Orbito Pro Storage,Home & Kitchen,1756.98,492.3,36,27,0.28019670115766826
P00283,Mirello Classic Cookware,Home & Kitchen,158183.05,47309.96,1073,735,0.299083624952231
P00284,Nexora Flex Drinkware,Home & Kitchen,2928.3,909.9200000000001,91,60,0.3107331899054059
P00285,Lumex Essential Skincare,Beauty,1262.44,513.11,46,35,0.4064430784829378
P00286,Velto Flex Shoes,Fashion,982.35,517.0699999999999,32,15,0.5263602585636483
P00287,Nexora Classic Smart Watches,Electronics,5757.28,1242.72,64,46,0.21585193007809245
P00288,Zenvia Plus Bags,Fashion,3468.18,1208.56,105,75,0.34847095594807653
P00289,Torven Pro Bags,Fashion,5896.98,3097.12,98,64,0.5252044266726359
P00290,Mirello Plus Keyboards,Electronics,12967.67,1724.39,127,90,0.13297608591211837
P00291,Mirello Classic Chairs,Office,647.81,142.64000000000001,27,19,0.22018801809172447
P00292,Orbito Plus Keyboards,Electronics,28956.78,5515.54,604,421,0.19047490777634807
P00293,Mirello Comfort Pet Beds,Pet Supplies,1220.33,470.64,51,28,0.3856661722648792
P00294,Lumex Classic Headphones,Electronics,9701.94,2321.89,94,56,0.23932223864505447
P00295,Tekaro Flex Chairs,Office,1272.1,455.1,86,62,0.35775489348321676
P00296,Calibre Classic Grooming,Pet Supplies,2697.8,781.6,110,79,0.28971754763140334
P00297,Kentra Flex Toys,Pet Supplies,15859.7,5050.79,513,357,0.3184669319091786
P00298,Tekaro Classic Desk Accessories,Office,3872.05,814.96,181,132,0.2104724887333583
P00299,Nexora Classic Camping,Sports & Outdoors,3787.96,1299.1200000000001,86,70,0.34296032693059064
P00300,Torven Prime Hair Care,Beauty,3544.84,1683.64,198,136,0.47495514607147293
P00301,Kentra Pro Fitness,Sports & Outdoors,21179.21,8757.45,337,233,0.4134927601171149
P00302,Kentra Essential Mice,Electronics,6313.21,1638.43,99,75,0.25952407729190063
P00303,Mavix Flex Bags,Fashion,12106.62,6663.900000000001,184,131,0.5504343904409323
P00304,Avero Plus Jackets,Fashion,7503.32,3357.65,73,51,0.4474885783892997
P00305,Novexa Flex Organizers,Office,6900.06,2146.7400000000002,212,148,0.31111903374753264
P00306,Mavix Prime Accessories,Fashion,69154.71,31818.71,1436,975,0.4601090800612134
P00307,Calibre Essential Shoes,Fashion,2199.91,686.27,79,47,0.3119536708319886
P00308,Novexa Comfort Makeup,Beauty,12399.37,6912.3099999999995,371,224,0.5574726780473523
P00309,Mavix Prime Bedding,Home & Kitchen,3397.25,857.25,127,87,0.2523364485981308
P00310,Solara Flex Power Banks,Electronics,25992.39,3545.13,505,363,0.1363910744644875
P00311,Novexa Plus Bags,Fashion,23926.98,9053.34,782,516,0.3783737019882994
P00312,Velto Classic Accessories,Fashion,6078.280000000001,2760.61,191,147,0.4541761814197437
P00313,Orbito Comfort Lighting,Home & Kitchen,3323.45,1090.24,101,70,0.32804465239434927
P00314,Torven Elite T-Shirts,Fashion,15221.91,7361.86,341,237,0.48363575924440494
P00315,Novexa Flex Jeans,Fashion,15695.39,6727.16,251,177,0.4286073808933706
P00316,Brivon Lite Bedding,Home & Kitchen,9047.27,2630.04,353,248,0.29069984647302444
P00317,Brivon Flex Jeans,Fashion,819.14,448.98,14,9,0.5481114339429157
P00318,Novexa Classic Fitness,Sports & Outdoors,164767.63,42735.31,3208,2161,0.2593671463260107
P00319,Orbito Flex Cookware,Home & Kitchen,21296.68,7183.84,371,275,0.3373220614668577
P00320,Torven Essential Pet Beds,Pet Supplies,4410.98,1175.26,223,151,0.2664396574003963
P00321,Mavix Classic Dog Supplies,Pet Supplies,3001.95,899.4300000000001,84,63,0.2996152500874432
P00322,Lumex Max Accessories,Fashion,2881.37,1048.77,110,83,0.36398310525895666
P00323,Solara Classic Bedding,Home & Kitchen,9440.08,2428.83,125,94,0.25728913314293944
P00324,Lumex Comfort Bags,Fashion,43232.55,17865.15,829,565,0.41323377871534295
P00325,Mirello Comfort Stationery,Office,70660.68000000001,19585.68,750,491,0.2771793308527458
P00326,Solara Prime Fitness,Sports & Outdoors,9284.87,2215.16,157,107,0.23857738449757504
P00327,Orbito Elite Printers,Office,9591.75,1779.36,167,103,0.18550942215966845
P00328,Orbito Essential Accessories,Fashion,3034.4700000000003,987.54,93,61,0.32544068651197733
P00329,Avero Lite Grooming,Beauty,637.24,252.07,37,28,0.39556525014123406
P00330,Mirello Lite Lighting,Home & Kitchen,4686.77,1606.42,91,63,0.34275631191630906
P00331,Solara Max Fitness,Sports & Outdoors,21091.0,5238.74,246,163,0.24838746384713858
P00332,Lumex Flex Drinkware,Home & Kitchen,3955.2,1042.52,82,53,0.26358211974110035
P00333,Tekaro Flex Fitness,Sports & Outdoors,14168.87,3868.87,250,168,0.2730542379173498
P00334,Velto Lite Chairs,Office,20493.55,5616.86,220,163,0.2740794054714776
P00335,Orbito Flex Keyboards,Electronics,32990.28,5849.28,249,172,0.17730313292278815
P00336,Velto Comfort Hair Care,Beauty,304.32,175.70999999999998,9,5,0.5773856466876971
P00337,Nexora Essential Mice,Electronics,80248.48,21436.03,655,453,0.26712069811166517
P00338,Lumex Essential Camping,Sports & Outdoors,42577.61,9628.99,783,554,0.226151491358956
P00339,Novexa Classic Smart Watches,Electronics,6454.0,764.25,25,17,0.1184149364735048
P00340,Kentra Prime Grooming,Pet Supplies,2634.79,1018.63,74,53,0.38660766133164315
P00341,Kentra Plus Speakers,Electronics,10310.69,2401.29,142,95,0.23289323992865654
P00342,Solara Plus Toys,Pet Supplies,8183.24,2449.08,365,251,0.2992799917880937
P00343,Brivon Comfort Stationery,Office,21434.030000000002,6922.52,471,311,0.3229686624493854
P00344,Velto Pro Fragrance,Beauty,8151.599999999999,4489.35,285,207,0.5507323715589578
P00345,Brivon Max Running,Sports & Outdoors,12475.45,3668.94,222,156,0.29409279825577433
P00346,Solara Lite Printers,Office,4417.69,1545.99,65,49,0.3499543879267219
P00347,Brivon Classic Dog Supplies,Pet Supplies,26239.55,7229.52,349,228,0.2755199689019057
P00348,Calibre Elite Storage,Home & Kitchen,4568.51,919.76,125,84,0.20132603408988925
P00349,Lumex Flex Fragrance,Beauty,3874.88,2082.08,166,117,0.5373276075646213
P00350,Lumex Essential Headphones,Electronics,8397.93,2173.13,124,84,0.2587697206335371
P00351,Zenvia Essential Skincare,Beauty,3232.9500000000003,1729.98,122,79,0.5351088015589477
P00352,Solara Classic Power Banks,Electronics,17372.7,3845.94,156,108,0.22137836951078416
P00353,Zenvia Plus Grooming,Beauty,6716.21,3279.35,343,244,0.48827389256738546
P00354,Kentra Elite Fragrance,Beauty,2495.23,1332.91,58,42,0.5341832215867877
P00355,Nexora Classic Jackets,Fashion,2403.46,1060.36,110,79,0.441180631256605
P00356,Solara Lite Jackets,Fashion,5295.13,1711.1200000000001,193,132,0.3231497621399286
P00357,Brivon Comfort Outdoor Gear,Sports & Outdoors,2374.07,793.79,39,29,0.3343582960906797
P00358,Novexa Comfort Organizers,Office,6264.83,2010.53,163,112,0.320923313162528
P00359,Brivon Plus Accessories,Fashion,5698.57,1935.5800000000002,181,125,0.3396606517073582
P00360,Brivon Comfort Hair Care,Beauty,10632.43,6010.3099999999995,479,338,0.5652809376595942
P00361,Lumex Essential Cat Supplies,Pet Supplies,2148.03,676.14,43,33,0.3147721400539098
P00362,Torven Max Power Banks,Electronics,38100.4,8812.119999999999,293,210,0.23128681063715864
P00363,Kentra Essential Smart Watches,Electronics,3207.12,873.75,31,20,0.272440694454838
P00364,Orbito Essential Power Banks,Electronics,2610.41,477.85,38,27,0.18305553533736083
P00365,Nexora Elite Yoga,Sports & Outdoors,6144.61,1801.79,77,47,0.29323097804417203
P00366,Torven Plus Accessories,Fashion,1273.86,462.41,28,16,0.3629990736815663
P00367,Kentra Flex Camping,Sports & Outdoors,5284.57,1591.02,173,125,0.3010689611453723
P00368,Mirello Comfort Yoga,Sports & Outdoors,4404.07,1066.5900000000001,141,95,0.24218279909265752
P00369,Torven Elite Small Appliances,Home & Kitchen,16552.34,3352.66,334,219,0.2025490051557665
P00370,Torven Max Printers,Office,9295.22,2478.7,267,179,0.266663941251525
P00371,Velto Plus Running,Sports & Outdoors,11775.0,3799.8900000000003,169,112,0.3227082802547771
P00372,Solara Flex Cookware,Home & Kitchen,1684.91,638.22,47,35,0.3787858105180692
P00373,Orbito Comfort Bags,Fashion,41215.22,22254.83,1070,713,0.5399663037101343
P00374,Mirello Lite Small Appliances,Home & Kitchen,5044.53,1583.43,139,101,0.3138904912846192
P00375,Mavix Prime Power Banks,Electronics,15796.73,2164.41,464,321,0.1370163318610877
P00376,Avero Pro Smart Watches,Electronics,753.02,125.55,17,13,0.1667286393455685
P00377,Brivon Classic Toys,Pet Supplies,1600.85,463.45,94,67,0.2895024518224693
P00378,Orbito Elite Shoes,Fashion,2468.0,1132.4,40,30,0.4588330632090762
P00379,Nexora Elite Jackets,Fashion,3670.79,1962.63,68,46,0.5346614761400135
P00380,Tekaro Comfort Yoga,Sports & Outdoors,9921.23,3495.26,201,143,0.3523010755722829
P00381,Zenvia Elite Makeup,Beauty,12966.48,7562.900000000001,570,412,0.5832654660324159
P00382,Orbito Essential Pet Beds,Pet Supplies,9245.39,3071.58,349,220,0.3322282780931902
P00383,Solara Max Yoga,Sports & Outdoors,10786.72,3322.4,214,153,0.30800836584244334
P00384,Mavix Plus Jackets,Fashion,12193.44,6657.59,265,195,0.5459976840005774
P00385,Orbito Pro Shoes,Fashion,2536.44,1112.94,78,54,0.4387803377962814
P00386,Orbito Pro Pet Beds,Pet Supplies,1644.03,763.63,71,49,0.46448665778605014
P00387,Zenvia Pro Running,Sports & Outdoors,15984.01,4286.26,261,176,0.2681592416421161
P00388,Tekaro Comfort Pet Beds,Pet Supplies,1190.14,471.74,39,25,0.39637353588653434
P00389,Novexa Classic Headphones,Electronics,3318.64,829.0899999999999,35,19,0.24982824289467973
P00390,Mavix Comfort Stationery,Office,4512.97,886.89,173,112,0.1965202516303011
P00391,Torven Comfort Skincare,Beauty,712.72,344.28,26,17,0.48305084745762705
P00392,Nexora Comfort Power Banks,Electronics,2131.46,493.6,14,8,0.23157835474275848
P00393,Zenvia Plus Hair Care,Beauty,4786.24,1808.8200000000002,82,54,0.37792087316975337
P00394,Kentra Essential Outdoor Gear,Sports & Outdoors,14127.060000000001,5545.76,322,216,0.39256292533619874
P00395,Nexora Flex Power Banks,Electronics,2634.79,449.59000000000003,36,23,0.17063598996504467
P00396,Lumex Lite Jackets,Fashion,34062.909999999996,14225.28,946,668,0.4176178723426743
P00397,Novexa Flex Printers,Office,36338.45,10838.95,1000,706,0.29827771960554184
P00398,Solara Essential Cookware,Home & Kitchen,3660.4900000000002,1359.16,123,79,0.37130548096019933
P00399,Mavix Lite Jackets,Fashion,8004.86,4327.69,131,88,0.5406328155645446
P00400,Zenvia Prime Jackets,Fashion,2754.56,1159.97,69,55,0.4211089974442379
P00401,Avero Flex Bedding,Home & Kitchen,1811.46,552.42,48,35,0.3049584313205922
P00402,Orbito Flex Cat Supplies,Pet Supplies,8756.47,2901.33,289,198,0.331335572439579
P00403,Calibre Essential Outdoor Gear,Sports & Outdoors,262.43,98.35000000000001,14,12,0.3747666044278474
P00404,Kentra Flex Smart Watches,Electronics,159.4,31.15,5,4,0.1954203262233375
P00405,Calibre Elite Pet Beds,Pet Supplies,10090.82,4451.8,356,230,0.44117326441260474
P00406,Mirello Max Printers,Office,15497.060000000001,5471.150000000001,213,162,0.35304438390249504
P00407,Mavix Essential Cookware,Home & Kitchen,5021.15,1303.45,94,68,0.2595919261523755
P00408,Brivon Lite Stationery,Office,48164.81,9032.5,510,343,0.18753318034473718
P00409,Mirello Plus Power Banks,Electronics,17120.97,3763.85,224,150,0.21983859559359076
P00410,Velto Flex Pet Beds,Pet Supplies,1344.45,401.85,86,61,0.29889545910967313
P00411,Nexora Elite Cycling,Sports & Outdoors,11116.34,4279.37,147,103,0.38496213681841324
P00412,Calibre Flex Running,Sports & Outdoors,29451.2,8301.76,496,349,0.2818818927581898
P00413,Zenvia Plus Keyboards,Electronics,5520.1,1333.67,61,44,0.2416025072009565
P00414,Velto Flex Printers,Office,9001.119999999999,2292.04,100,56,0.25463942264962586
P00415,Novexa Pro Keyboards,Electronics,6653.27,1879.6399999999999,123,92,0.28251371130286307
P00416,Novexa Pro Bedding,Home & Kitchen,4854.09,998.34,265,184,0.2056698577900286
P00417,Calibre Max Smart Watches,Electronics,12030.94,2351.0099999999998,159,107,0.1954136584506281
P00418,Kentra Flex Camping,Sports & Outdoors,6417.64,2499.22,198,128,0.38942975922613293
P00419,Lumex Classic Lighting,Home & Kitchen,1097.79,321.09,45,33,0.2924876342469871
P00420,Solara Lite Grooming,Pet Supplies,317.34999999999997,110.8,17,14,0.34914132661099734
P00421,Brivon Prime Camping,Sports & Outdoors,5384.79,1679.52,113,86,0.3119007426473456
P00422,Tekaro Flex Power Banks,Electronics,2151.82,396.82,13,9,0.18441133552062902
P00423,Calibre Comfort Mice,Electronics,31839.17,7160.45,369,239,0.22489436753533462
P00424,Novexa Comfort Smart Watches,Electronics,92924.63,15483.630000000001,644,434,0.16662568363199295
P00425,Velto Classic Skincare,Beauty,3409.29,1979.27,127,96,0.5805519624320606
P00426,Solara Flex Stationery,Office,3572.46,1286.61,105,71,0.3601467896071614
P00427,Nexora Elite Storage,Home & Kitchen,15363.939999999999,2992.19,205,140,0.19475408000812294
P00428,Zenvia Max Stationery,Office,6067.849999999999,1858.3600000000001,132,86,0.30626333874436584
P00429,Kentra Essential Headphones,Electronics,503.03000000000003,120.93,10,8,0.2404031568693716
P00430,Kentra Plus Chairs,Office,4954.32,1057.58,157,116,0.2134662274540199
P00431,Tekaro Classic Pet Beds,Pet Supplies,5428.8,1701.0,76,57,0.31332891246684347
P00432,Torven Pro Camping,Sports & Outdoors,19652.06,7719.14,381,257,0.39279037413889434
P00433,Solara Lite Camping,Sports & Outdoors,7477.67,1618.79,204,143,0.21648320934194742
P00434,Velto Classic Chairs,Office,10338.960000000001,3375.89,330,219,0.3265212361784937
P00435,Mavix Flex Power Banks,Electronics,20652.12,5240.72,307,208,0.2537618413993334
P00436,Solara Flex Drinkware,Home & Kitchen,2848.68,719.91,63,43,0.2527170478958676
P00437,Avero Essential Speakers,Electronics,4811.96,1032.1399999999999,83,57,0.21449471732932107
P00438,Novexa Plus Jackets,Fashion,25599.39,10803.9,684,479,0.42203740010992447
P00439,Solara Elite Fitness,Sports & Outdoors,14615.41,4937.41,150,111,0.3378222027298584
P00440,Velto Prime Skincare,Beauty,6595.03,2548.18,207,133,0.3863788337581482
P00441,Kentra Prime Printers,Office,47831.57,10122.34,1921,1306,0.2116246654667618
P00442,Torven Pro Smart Watches,Electronics,3775.12,497.6,106,73,0.1318103795376041
P00443,Zenvia Max Fitness,Sports & Outdoors,5330.28,1282.88,196,127,0.2406777880336493
P00444,Solara Comfort Small Appliances,Home & Kitchen,1294.97,486.11,34,26,0.3753832135107377
P00445,Zenvia Prime Lighting,Home & Kitchen,15851.33,4948.37,342,241,0.31217380497409364
P00446,Avero Essential Outdoor Gear,Sports & Outdoors,5898.2,1746.54,82,49,0.2961140686989251
P00447,Torven Essential Pet Beds,Pet Supplies,3812.28,1545.94,142,98,0.40551585927581396
P00448,Orbito Prime Grooming,Beauty,737.6,281.90000000000003,98,71,0.3821854663774404
P00449,Mirello Comfort Smart Watches,Electronics,29969.37,7615.39,278,195,0.2541057753299452
P00450,Lumex Pro Hair Care,Beauty,2960.87,1380.32,123,79,0.4661873030561963
P00451,Nexora Essential Mice,Electronics,20574.85,3083.32,163,111,0.14985868669759442
P00452,Novexa Comfort Organizers,Office,6887.64,1493.02,113,78,0.21676800761944584
P00453,Zenvia Lite Camping,Sports & Outdoors,14171.34,5788.36,349,229,0.40845537542674154
P00454,Mavix Prime Keyboards,Electronics,25310.36,3636.96,140,100,0.14369451876622852
P00455,Torven Max Smart Watches,Electronics,9019.63,2003.49,53,40,0.2221255195612237
P00456,Novexa Prime Lighting,Home & Kitchen,7763.55,2522.91,212,152,0.32496860328071564
P00457,Torven Lite Cat Supplies,Pet Supplies,2013.68,492.92,46,32,0.24478566604425728
P00458,Tekaro Classic Shoes,Fashion,867.8000000000001,327.49,27,20,0.37737958054851345
P00459,Zenvia Essential Running,Sports & Outdoors,10012.28,2598.64,129,86,0.2595452783981271
P00460,Mavix Essential Skincare,Beauty,22042.68,7706.04,608,423,0.3495963285771059
P00461,Brivon Pro Makeup,Beauty,4126.73,2023.05,152,101,0.49023076382511094
P00462,Zenvia Comfort Keyboards,Electronics,45152.85,8035.25,430,291,0.1779566516842237
P00463,Avero Elite Grooming,Pet Supplies,10821.28,5016.17,613,405,0.4635468262534561
P00464,Calibre Flex Drinkware,Home & Kitchen,3317.9,770.45,51,38,0.2322101329153983
P00465,Novexa Max Makeup,Beauty,5401.72,2483.96,94,59,0.4598461230867205
P00466,Kentra Comfort Cycling,Sports & Outdoors,9049.98,3235.46,122,89,0.3575101823429444
P00467,Tekaro Comfort Grooming,Beauty,6006.82,2627.21,280,196,0.43737118808287917
P00468,Brivon Lite Dog Supplies,Pet Supplies,4635.94,1668.93,232,162,0.3599981880697335
P00469,Velto Flex Power Banks,Electronics,7292.16,1653.41,125,78,0.2267380309812182
P00470,Zenvia Classic Jeans,Fashion,7228.79,3615.83,131,79,0.5001985117841299
P00471,Kentra Lite Shoes,Fashion,10458.199999999999,5301.6,295,219,0.5069323592970111
P00472,Mavix Comfort Jeans,Fashion,2976.23,1599.89,68,48,0.5375559012576313
P00473,Mavix Comfort Speakers,Electronics,12847.02,2420.9,122,84,0.18844058777833303
P00474,Mavix Lite Mice,Electronics,8554.95,1247.79,84,54,0.1458559079830975
P00475,Lumex Pro Small Appliances,Home & Kitchen,48436.46,14538.220000000001,746,528,0.3001503412924892
P00476,Mirello Lite Small Appliances,Home & Kitchen,7087.28,2247.89,153,108,0.31717245544129763
P00477,Avero Plus T-Shirts,Fashion,8225.92,2970.36,332,236,0.36109760367229443
P00478,Brivon Essential Hair Care,Beauty,40358.3,19118.29,1888,1296,0.47371395722812903
P00479,Nexora Classic Skincare,Beauty,1757.87,851.77,130,87,0.48454663882994764
P00480,Mavix Essential Jeans,Fashion,7313.94,2640.02,109,68,0.3609572952471582
P00481,Torven Plus Jackets,Fashion,1943.48,643.3199999999999,68,49,0.33101446889085556
P00482,Tekaro Comfort Cookware,Home & Kitchen,3124.89,914.33,32,22,0.29259589937565805
P00483,Torven Lite Makeup,Beauty,14724.74,8689.91,856,584,0.5901571097350445
P00484,Lumex Classic Storage,Home & Kitchen,4104.73,1138.01,146,109,0.2772435702226456
P00485,Mirello Lite Keyboards,Electronics,3624.65,1111.35,41,34,0.30660891396410683
P00486,Brivon Essential Jackets,Fashion,5796.97,3176.62,135,87,0.5479793754323379
P00487,Mirello Flex Jackets,Fashion,237.97000000000003,113.86,7,5,0.4784636718914148
P00488,Lumex Lite Cookware,Home & Kitchen,16306.289999999999,5237.82,493,352,0.32121469690530463
P00489,Nexora Flex Hair Care,Beauty,7322.42,4055.42,150,105,0.553836026887286
P00490,Brivon Essential Skincare,Beauty,13310.970000000001,7924.41,744,526,0.5953292660114176
P00491,Nexora Plus Outdoor Gear,Sports & Outdoors,9752.76,2305.6,235,160,0.23640487410743213
P00492,Solara Classic Makeup,Beauty,5209.73,2577.23,150,106,0.49469550245406196
P00493,Zenvia Elite Cycling,Sports & Outdoors,389.54,87.29,15,9,0.22408481799045027
P00494,Novexa Lite Lighting,Home & Kitchen,2658.04,851.46,59,43,0.3203337797775805
P00495,Orbito Comfort Yoga,Sports & Outdoors,2530.48,711.04,84,56,0.28099016787328884
P00496,Lumex Flex Skincare,Beauty,552.72,217.01000000000002,59,40,0.3926219423939789
P00497,Nexora Plus Accessories,Fashion,143520.96,58846.229999999996,2611,1806,0.4100183694423449
P00498,Tekaro Flex Hair Care,Beauty,11503.44,6719.91,317,215,0.5841652583922722
P00499,Nexora Lite Accessories,Fashion,9827.15,3330.86,171,113,0.3389446584208036
P00500,Zenvia Plus Accessories,Fashion,5685.79,2279.22,141,94,0.4008625010772469
P00501,Avero Elite Running,Sports & Outdoors,22019.91,9263.38,613,426,0.4206820100536287
P00502,Mirello Max Desk Accessories,Office,13672.199999999999,2945.1,261,180,0.2154079080177294
P00503,Orbito Elite Cat Supplies,Pet Supplies,2374.17,890.81,127,84,0.3752090204155557
P00504,Velto Plus Jeans,Fashion,2273.57,1060.82,63,48,0.46658778924774685
P00505,Mirello Plus Jeans,Fashion,5017.2,2553.72,108,78,0.5089930638603205
P00506,Tekaro Flex Organizers,Office,3051.11,899.93,114,81,0.2949516733254455
P00507,Tekaro Prime Storage,Home & Kitchen,9529.6,1994.74,186,126,0.2093204331766286
P00508,Solara Essential Organizers,Office,8453.18,1793.78,110,69,0.21220179861306632
P00509,Brivon Comfort Accessories,Fashion,7022.94,3211.38,138,99,0.45727003220873313
P00510,Mirello Max Power Banks,Electronics,422.71,89.86,7,5,0.2125807291050602
P00511,Brivon Plus Speakers,Electronics,48993.9,11710.92,1144,773,0.239028123909303
P00512,Tekaro Flex Stationery,Office,18764.09,3642.29,372,265,0.19410959977275744
P00513,Brivon Essential Mice,Electronics,3268.75,815.95,140,97,0.24962141491395795
P00514,Brivon Plus Cookware,Home & Kitchen,4248.599999999999,1305.68,116,78,0.3073200583721697
P00515,Lumex Classic Storage,Home & Kitchen,2438.75,611.1,55,39,0.2505791901588929
P00516,Solara Pro Speakers,Electronics,6922.43,1671.23,80,62,0.2414224484754631
P00517,Zenvia Max Small Appliances,Home & Kitchen,29076.55,5918.47,396,271,0.2035478762095228
P00518,Brivon Lite Camping,Sports & Outdoors,4839.75,1792.25,115,85,0.3703187148096493
P00519,Brivon Classic Headphones,Electronics,9844.96,1456.69,99,69,0.14796301864101025
P00520,Tekaro Classic Stationery,Office,38139.75,10932.32,467,312,0.2866384808500318
P00521,Novexa Classic Chairs,Office,1132.69,258.23,46,30,0.22797941184260478
P00522,Zenvia Comfort Jeans,Fashion,20644.420000000002,9967.57,237,162,0.4828215081847782
P00523,Avero Flex Speakers,Electronics,68101.03,16080.78,545,387,0.23613123032059868
P00524,Mavix Lite Hair Care,Beauty,1432.06,766.06,72,46,0.5349356870522185
P00525,Novexa Classic Keyboards,Electronics,14237.14,2953.35,331,224,0.20743983693354143
P00526,Velto Flex Shoes,Fashion,1660.5099999999998,623.22,47,41,0.375318426266629
P00527,Lumex Comfort Pet Beds,Pet Supplies,11326.07,4795.49,511,335,0.423402821985031
P00528,Calibre Pro Grooming,Pet Supplies,2959.33,848.83,150,103,0.2868318166612037
P00529,Orbito Plus Running,Sports & Outdoors,18368.6,5747.12,204,146,0.31287741036333744
P00530,Lumex Lite Storage,Home & Kitchen,14643.77,3828.02,345,230,0.2614094594493085
P00531,Mavix Essential Outdoor Gear,Sports & Outdoors,4431.349999999999,1629.77,159,104,0.36778182720841285
P00532,Lumex Flex Cycling,Sports & Outdoors,14616.0,6108.15,352,249,0.4179084564860427
P00533,Zenvia Comfort Shoes,Fashion,1706.28,908.5600000000001,74,48,0.5324800150033993
P00534,Novexa Pro Hair Care,Beauty,1295.02,639.88,122,88,0.4941081991011722
P00535,Velto Classic Smart Watches,Electronics,92340.41,22496.89,404,282,0.24362995572577595
P00536,Mirello Pro Drinkware,Home & Kitchen,1537.14,365.16,34,28,0.23755806237558064
P00537,Mavix Classic Jackets,Fashion,3259.61,1738.0900000000001,44,26,0.5332202318682296
P00538,Kentra Elite Speakers,Electronics,3705.2200000000003,1002.22,60,42,0.270488661941801
P00539,Mavix Classic Headphones,Electronics,13398.369999999999,1833.9299999999998,143,105,0.1368770977365157
P00540,Velto Plus Stationery,Office,10757.810000000001,3761.62,317,219,0.34966410449710483
P00541,Torven Essential Dog Supplies,Pet Supplies,4024.86,1550.08,149,103,0.3851264391804932
P00542,Mavix Plus Fragrance,Beauty,712.45,366.07,47,33,0.5138185135799003
P00543,Torven Classic Desk Accessories,Office,809.79,161.65,23,18,0.19961965447832156
P00544,Solara Comfort Grooming,Pet Supplies,12268.460000000001,4273.87,527,366,0.34836238615115506
P00545,Nexora Elite Headphones,Electronics,985.49,152.37,16,12,0.15461344102933566
P00546,Calibre Classic Jeans,Fashion,20951.71,8226.42,364,250,0.39263716422191797
P00547,Mavix Pro Bags,Fashion,30683.82,11039.7,423,307,0.3597889702129657
P00548,Zenvia Elite Mice,Electronics,7920.19,1894.24,105,74,0.23916597960402466
P00549,Mavix Comfort Fitness,Sports & Outdoors,12159.42,2860.46,315,220,0.2352464180034903
P00550,Brivon Flex T-Shirts,Fashion,11435.74,5662.91,146,97,0.4951940145543708
P00551,Avero Essential Shoes,Fashion,9842.4,3908.5,245,176,0.3971084288384947
P00552,Lumex Essential Smart Watches,Electronics,5770.33,1736.53,60,37,0.30094119400450237
P00553,Calibre Essential Storage,Home & Kitchen,2184.11,710.73,46,28,0.3254094345065038
P00554,Kentra Essential Grooming,Pet Supplies,8730.84,2582.28,204,144,0.29576535591077147
P00555,Brivon Classic Headphones,Electronics,2454.73,364.73,55,38,0.14858253249848252
P00556,Calibre Essential Storage,Home & Kitchen,4484.25,941.13,168,116,0.2098745609633718
P00557,Mirello Plus Drinkware,Home & Kitchen,5827.389999999999,2236.39,95,68,0.3837721518552903
P00558,Lumex Comfort Accessories,Fashion,5991.38,2880.38,122,86,0.4807540166038542
P00559,Zenvia Max Skincare,Beauty,2780.3,1064.94,71,49,0.38303060820774737
P00560,Tekaro Comfort T-Shirts,Fashion,7355.59,4046.5499999999997,266,183,0.5501326202248902
P00561,Zenvia Classic Smart Watches,Electronics,13258.65,3315.61,128,91,0.25007146278090153
P00562,Zenvia Essential Cookware,Home & Kitchen,1212.01,340.67,19,14,0.2810785389559492
P00563,Solara Flex Desk Accessories,Office,2987.39,643.16,63,44,0.21529160906342995
P00564,Torven Essential Makeup,Beauty,830.76,297.62,46,30,0.35825027685492805
P00565,Zenvia Max Grooming,Beauty,3241.65,1177.79,90,65,0.3633304027270063
P00566,Velto Max Camping,Sports & Outdoors,9537.77,2116.07,269,189,0.2218621333917677
P00567,Zenvia Pro Cycling,Sports & Outdoors,8671.44,2716.16,152,105,0.31323055916895
P00568,Brivon Elite Mice,Electronics,15735.22,2547.82,155,111,0.16191829539084934
P00569,Novexa Prime Shoes,Fashion,1810.97,955.9399999999999,33,27,0.5278607597033633
P00570,Lumex Essential Shoes,Fashion,5410.16,2219.87,87,64,0.4103150368935484
P00571,Avero Comfort Storage,Home & Kitchen,3287.4900000000002,699.6899999999999,95,76,0.2128341074801748
P00572,Torven Max Stationery,Office,11834.41,3849.31,215,137,0.32526420835512715
P00573,Nexora Flex Bags,Fashion,17712.0,5393.12,119,81,0.3044896115627823
P00574,Brivon Flex Camping,Sports & Outdoors,42.96,13.84,1,1,0.3221601489757914
P00575,Novexa Prime Desk Accessories,Office,3280.18,615.98,44,26,0.18778847502271218
P00576,Orbito Comfort Bags,Fashion,3234.47,1147.33,106,78,0.3547196294910758
P00577,Solara Plus Cat Supplies,Pet Supplies,1020.5,284.3,60,42,0.27858892699657034
P00578,Avero Plus Makeup,Beauty,817.08,310.17,61,42,0.37960787193420475
P00579,Torven Prime Chairs,Office,15964.380000000001,3768.86,368,253,0.23607932158968903
P00580,Zenvia Elite Storage,Home & Kitchen,1868.84,548.68,37,25,0.2935938871171422
P00581,Orbito Pro Bags,Fashion,3528.64,1566.19,131,87,0.4438508887276685
P00582,Orbito Lite Jackets,Fashion,6941.59,3673.75,96,66,0.5292375377975362
P00583,Torven Elite Headphones,Electronics,9363.7,1602.28,81,57,0.17111611862832
P00584,Lumex Plus Jackets,Fashion,5757.74,2919.59,105,76,0.5070722193082703
P00585,Orbito Essential Toys,Pet Supplies,19949.14,5361.84,637,444,0.2687754960865481
P00586,Avero Lite Skincare,Beauty,6137.17,2181.87,370,253,0.35551728239563185
P00587,Kentra Elite Speakers,Electronics,36427.53,5724.68,881,608,0.15715257114605355
P00588,Torven Elite Drinkware,Home & Kitchen,1952.04,406.65,77,51,0.20832052621872502
P00589,Brivon Max Storage,Home & Kitchen,1880.3600000000001,621.7,47,35,0.33062817758301605
P00590,Mavix Max Power Banks,Electronics,21638.379999999997,4646.38,354,237,0.21472864419609974
P00591,Orbito Lite Dog Supplies,Pet Supplies,19636.88,7762.64,672,438,0.3953092344608716
P00592,Nexora Plus T-Shirts,Fashion,25193.59,8231.47,477,333,0.3267287433033561
P00593,Tekaro Essential Small Appliances,Home & Kitchen,21454.66,5896.86,503,348,0.27485217663668404
P00594,Tekaro Prime Skincare,Beauty,14471.54,6192.94,355,245,0.4279392518004303
P00595,Brivon Essential Power Banks,Electronics,5807.69,1226.6299999999999,27,24,0.2112078984932047
P00596,Calibre Lite Small Appliances,Home & Kitchen,1917.48,557.51,42,29,0.29075140288295054
P00597,Avero Lite Fitness,Sports & Outdoors,1393.32,418.37,37,28,0.3002684236212787
P00598,Velto Essential Hair Care,Beauty,5489.96,1968.36,160,107,0.35853813142536556
P00599,Brivon Flex Pet Beds,Pet Supplies,817.33,378.31,54,36,0.4628607783881663
P00600,Mavix Pro Grooming,Beauty,9284.08,4611.05,281,186,0.4966620279015261
P00601,Avero Essential Jackets,Fashion,4334.56,1446.32,158,122,0.33367169908825806
P00602,Torven Lite Fitness,Sports & Outdoors,4732.66,1076.82,87,61,0.22752954997823632
P00603,Zenvia Pro Grooming,Pet Supplies,3639.53,1389.75,221,142,0.3818487551964127
P00604,Mirello Max Outdoor Gear,Sports & Outdoors,2145.0099999999998,842.44,41,34,0.39274408977114333
P00605,Velto Comfort Pet Beds,Pet Supplies,8564.95,2679.25,230,169,0.3128156031266966
P00606,Nexora Classic Fitness,Sports & Outdoors,3407.08,1024.1699999999998,94,57,0.3006005142233232
P00607,Solara Elite Stationery,Office,12820.33,2854.4700000000003,362,259,0.22265183501516733
P00608,Kentra Plus Mice,Electronics,142819.26,38473.799999999996,877,618,0.26938803631947117
P00609,Lumex Flex Camping,Sports & Outdoors,790.18,273.21,17,14,0.34575666303880126
P00610,Orbito Classic Bags,Fashion,64126.87,31962.32,855,586,0.49842320387693956
P00611,Avero Essential Grooming,Beauty,1278.68,446.81,117,71,0.3494306628710858
P00612,Brivon Max Camping,Sports & Outdoors,10949.93,3258.65,584,402,0.29759550974298465
P00613,Solara Flex Toys,Pet Supplies,5165.030000000001,2058.96,151,105,0.39863466427106903
P00614,Calibre Max Cat Supplies,Pet Supplies,2167.84,826.59,125,86,0.38129659015425493
P00615,Orbito Classic Cookware,Home & Kitchen,38705.770000000004,12517.41,1065,729,0.3233990694410678
P00616,Avero Flex Running,Sports & Outdoors,31340.54,9859.52,571,380,0.3145931754845322
P00617,Avero Classic Running,Sports & Outdoors,6551.860000000001,1708.8999999999999,102,65,0.26082669654113483
P00618,Tekaro Elite Lighting,Home & Kitchen,735.34,157.52,20,15,0.21421383305681727
P00619,Mavix Plus Mice,Electronics,45247.1,8182.1,375,264,0.1808314787025025
P00620,Solara Pro Speakers,Electronics,39172.64,8706.29,395,282,0.22225435916496822
P00621,Zenvia Max Running,Sports & Outdoors,7778.54,3167.71,199,143,0.407237090765105
P00622,Kentra Comfort Jackets,Fashion,4009.05,1376.98,94,67,0.34346790386749976
P00623,Torven Flex Cat Supplies,Pet Supplies,5130.45,2125.4100000000003,228,161,0.4142736017308424
P00624,Lumex Comfort Accessories,Fashion,121925.39,40860.89,1870,1299,0.33513027926340855
P00625,Tekaro Lite Pet Beds,Pet Supplies,5818.82,2494.58,171,107,0.42870891349105145
P00626,Calibre Flex Shoes,Fashion,1836.0,950.64,31,26,0.5177777777777778
P00627,Solara Prime Chairs,Office,5368.48,1485.73,155,108,0.2767505886209877
P00628,Brivon Max Headphones,Electronics,52529.149999999994,8056.63,796,559,0.15337445970475444
P00629,Avero Lite Makeup,Beauty,22516.98,8989.74,698,480,0.39924270483874835
P00630,Avero Flex Organizers,Office,2790.18,488.36999999999995,97,72,0.17503171838376017
P00631,Calibre Plus Cat Supplies,Pet Supplies,1813.3899999999999,705.01,147,92,0.38878013003270123
P00632,Zenvia Essential Chairs,Office,15561.4,4299.65,421,282,0.276302260722043
P00633,Mirello Prime Speakers,Electronics,37423.66,9931.66,395,275,0.26538451877769303
P00634,Mavix Pro Shoes,Fashion,6473.48,3560.84,164,115,0.5500658069539105
P00635,Lumex Lite Power Banks,Electronics,78007.64,14214.46,1258,890,0.1822188185670019
P00636,Orbito Pro Smart Watches,Electronics,7616.37,1704.37,100,70,0.22377720620190458
P00637,Nexora Plus Yoga,Sports & Outdoors,21652.96,6404.32,361,246,0.29577110935410217
P00638,Zenvia Prime Outdoor Gear,Sports & Outdoors,4796.68,1752.52,112,66,0.3653610413869593
P00639,Orbito Flex Camping,Sports & Outdoors,2656.37,962.37,110,71,0.36228763312339773
P00640,Nexora Elite Chairs,Office,20109.74,3546.9,596,411,0.1763772182037162
P00641,Novexa Essential Running,Sports & Outdoors,2184.87,883.5699999999999,70,49,0.40440392334555375
P00642,Solara Prime Desk Accessories,Office,6904.16,1742.8400000000001,177,127,0.2524333155662673
P00643,Avero Essential Keyboards,Electronics,6729.53,1694.2,71,59,0.2517560661740122
P00644,Solara Classic Drinkware,Home & Kitchen,2706.26,648.68,126,89,0.23969611197741528
P00645,Torven Prime Fragrance,Beauty,3867.52,1763.0800000000002,213,148,0.45586836008605003
P00646,Zenvia Lite Chairs,Office,1748.25,494.05,39,29,0.2825968825968826
P00647,Calibre Pro Power Banks,Electronics,1078.3700000000001,314.56,17,13,0.2916995094448102
P00648,Lumex Flex Shoes,Fashion,3872.1,1843.32,117,90,0.4760517548617029
P00649,Brivon Pro Outdoor Gear,Sports & Outdoors,11504.449999999999,4357.85,172,108,0.3787969003298724
P00650,Tekaro Lite Power Banks,Electronics,51327.32,8467.05,307,225,0.16496185657073073
P00651,Brivon Max Jeans,Fashion,4900.0,2502.0,110,73,0.5106122448979592
P00652,Velto Prime Organizers,Office,41503.88,13540.22,1156,797,0.326239859984175
P00653,Novexa Elite Yoga,Sports & Outdoors,2134.63,875.11,41,27,0.40995863451745734
P00654,Tekaro Comfort Bedding,Home & Kitchen,6918.73,1271.77,92,66,0.18381552683801797
P00655,Zenvia Lite Printers,Office,8240.93,2165.55,379,284,0.2627798076188003
P00656,Solara Elite Drinkware,Home & Kitchen,14261.57,3531.73,274,183,0.24763963574837833
P00657,Zenvia Lite Organizers,Office,11185.23,3977.23,680,460,0.35557874089312425
P00658,Calibre Plus Small Appliances,Home & Kitchen,4623.33,1451.33,100,68,0.3139144296427034
P00659,Brivon Comfort Skincare,Beauty,2546.61,1218.57,93,67,0.4785067206992825
P00660,Novexa Max Accessories,Fashion,50242.8,20190.99,447,308,0.40186832740213524
P00661,Mavix Classic Small Appliances,Home & Kitchen,17488.11,3826.4900000000002,244,175,0.21880523395609933
P00662,Torven Essential Printers,Office,7700.0,1351.07,147,93,0.17546363636363635
P00663,Solara Pro Cookware,Home & Kitchen,4903.03,1631.44,81,62,0.3327411824932746
P00664,Calibre Plus Power Banks,Electronics,34436.04,7610.9800000000005,229,162,0.22101786384264857
P00665,Orbito Max Storage,Home & Kitchen,1206.08,372.98,30,23,0.309249801008225
P00666,Tekaro Lite Outdoor Gear,Sports & Outdoors,25633.67,7419.1900000000005,1003,656,0.28943143919696246
P00667,Solara Pro Chairs,Office,8314.75,1591.68,97,73,0.19142848552271566
P00668,Orbito Classic Toys,Pet Supplies,3145.9900000000002,1165.79,69,49,0.37056379708772114
P00669,Solara Elite Cookware,Home & Kitchen,7616.67,2647.4,106,79,0.34757971659531
P00670,Mavix Max Jackets,Fashion,10582.85,4863.85,175,125,0.45959736743882795
P00671,Zenvia Flex Mice,Electronics,2927.27,876.35,36,24,0.29937450252282843
P00672,Novexa Flex Skincare,Beauty,17587.55,9610.28,439,304,0.5464251700776971
P00673,Solara Plus Dog Supplies,Pet Supplies,6116.94,1940.8799999999999,183,130,0.3172959028533875
P00674,Mirello Lite Yoga,Sports & Outdoors,9058.07,2543.87,210,144,0.28084017897852415
P00675,Orbito Lite Hair Care,Beauty,2498.33,1366.47,87,58,0.5469533648477183
P00676,Avero Prime Jeans,Fashion,18037.25,5908.13,249,178,0.32755159461669603
P00677,Novexa Classic Grooming,Pet Supplies,890.9,366.51,41,25,0.4113929733976877
P00678,Lumex Lite Accessories,Fashion,573.4,236.14,21,16,0.4118242064876177
P00679,Novexa Essential Power Banks,Electronics,14685.880000000001,3718.07,155,108,0.2531731159453843
P00680,Velto Essential Jeans,Fashion,22924.46,7504.8099999999995,397,277,0.3273712881350313
P00681,Torven Comfort Keyboards,Electronics,3060.17,555.73,34,24,0.18160102216543525
P00682,Torven Pro Storage,Home & Kitchen,15164.51,4438.3099999999995,354,248,0.2926774422648671
P00683,Torven Pro Keyboards,Electronics,1282.26,127.78999999999999,17,10,0.09965997535601204
P00684,Kentra Comfort Jeans,Fashion,5345.83,1938.47,176,125,0.36261347629834845
P00685,Orbito Elite Hair Care,Beauty,14449.06,8210.63,1114,753,0.5682466541076028
P00686,Kentra Plus Lighting,Home & Kitchen,3454.68,874.26,87,55,0.25306540692625656
P00687,Orbito Pro Accessories,Fashion,2011.82,935.84,79,52,0.46517084033362827
P00688,Mavix Comfort Cat Supplies,Pet Supplies,3255.82,1398.3400000000001,92,66,0.42948934523407317
P00689,Brivon Elite Cycling,Sports & Outdoors,11256.369999999999,4009.9900000000002,251,167,0.3562418435072764
P00690,Novexa Elite Fragrance,Beauty,7529.59,2804.95,386,277,0.3725236035428224
P00691,Brivon Classic Lighting,Home & Kitchen,7466.59,2167.84,135,92,0.2903386954419621
P00692,Velto Flex Desk Accessories,Office,9108.18,1918.92,169,109,0.21068094833435438
P00693,Brivon Plus Lighting,Home & Kitchen,2195.38,441.98,55,43,0.20132277783345023
P00694,Zenvia Prime Drinkware,Home & Kitchen,9873.25,2008.9,327,226,0.20346896918441243
P00695,Kentra Lite Cat Supplies,Pet Supplies,3490.27,1106.3500000000001,154,104,0.31698120775756605
P00696,Mirello Classic Accessories,Fashion,4302.62,1535.02,68,51,0.35676401820286247
P00697,Velto Max Running,Sports & Outdoors,2702.8399999999997,668.04,40,34,0.24716224415799679
P00698,Velto Pro Skincare,Beauty,1572.8,569.64,62,38,0.3621820956256358
P00699,Mirello Classic Outdoor Gear,Sports & Outdoors,5489.26,1997.98,104,74,0.36397984427773505
P00700,Kentra Plus Storage,Home & Kitchen,1652.67,396.87,28,21,0.24013868467389132
P00701,Kentra Flex Small Appliances,Home & Kitchen,2320.69,612.71,46,39,0.2640206145586011
P00702,Mirello Prime Lighting,Home & Kitchen,8484.89,2160.56,178,127,0.25463618267296334
P00703,Mirello Pro Power Banks,Electronics,84981.81,18925.74,591,432,0.2227034232384554
P00704,Avero Plus Stationery,Office,10144.130000000001,3111.23,357,256,0.3067024969120072
P00705,Mavix Prime Small Appliances,Home & Kitchen,1649.76,372.96,84,59,0.2260692464358452
P00706,Tekaro Comfort Skincare,Beauty,8154.43,4791.28,105,71,0.5875677392533873
P00707,Kentra Comfort Stationery,Office,4531.7,1293.45,93,64,0.2854226890570868
P00708,Torven Lite Fitness,Sports & Outdoors,7411.5,2726.68,109,74,0.3678985360588275
P00709,Orbito Essential Jeans,Fashion,707.83,221.42,20,15,0.31281522399446193
P00710,Mavix Max Jackets,Fashion,6600.13,2462.21,134,89,0.3730547731635589
P00711,Zenvia Comfort Toys,Pet Supplies,503.18,139.52,29,21,0.27727652132437697
P00712,Mirello Prime Camping,Sports & Outdoors,4827.31,1553.96,85,61,0.32191013214398906
P00713,Mirello Max Organizers,Office,1961.7,676.4200000000001,61,35,0.34481317224855995
P00714,Kentra Prime Grooming,Pet Supplies,4386.7,1909.74,274,182,0.435347755716142
P00715,Calibre Plus Cycling,Sports & Outdoors,114407.79,36612.34,1385,964,0.32001614575371135
P00716,Nexora Lite Lighting,Home & Kitchen,2665.15,915.78,67,50,0.34361292985385433
P00717,Calibre Comfort Fragrance,Beauty,3769.05,2192.97,132,91,0.581836271739563
P00718,Brivon Elite Smart Watches,Electronics,16086.54,4089.58,97,64,0.25422371746814415
P00719,Mirello Elite Camping,Sports & Outdoors,14603.03,4998.48,586,422,0.34229060681242174
P00720,Solara Prime Dog Supplies,Pet Supplies,6979.76,2136.3,157,107,0.3060706958405447
P00721,Novexa Lite Accessories,Fashion,2038.92,741.12,30,24,0.3634865517038432
P00722,Avero Essential Jeans,Fashion,1833.3,795.96,34,25,0.4341678939617084
P00723,Zenvia Prime Headphones,Electronics,21481.54,6096.9400000000005,270,172,0.28382229579443563
P00724,Novexa Max Cat Supplies,Pet Supplies,2144.39,582.71,108,66,0.2717369508345031
P00725,Mavix Classic Power Banks,Electronics,10453.43,2119.65,133,96,0.20277076519381676
P00726,Avero Elite Keyboards,Electronics,4048.54,736.54,48,35,0.18192731206805415
P00727,Nexora Lite Storage,Home & Kitchen,572.73,135.61,32,24,0.2367782375639481
P00728,Mavix Prime Headphones,Electronics,4262.0,578.4200000000001,87,62,0.1357156264664477
P00729,Solara Pro Accessories,Fashion,830.75,390.59,24,17,0.47016551309058074
P00730,Mavix Comfort Shoes,Fashion,5117.15,2764.86,137,87,0.5403124786257977
P00731,Calibre Lite Lighting,Home & Kitchen,4793.67,1388.97,90,65,0.289750858945234
P00732,Lumex Elite Power Banks,Electronics,21944.670000000002,5709.9,201,131,0.26019530027109083
P00733,Lumex Lite Mice,Electronics,22166.82,6374.72,158,113,0.2875793641126693
P00734,Nexora Elite Jeans,Fashion,3146.55,1697.5,73,50,0.5394797476601356
P00735,Lumex Essential Mice,Electronics,162.46,43.42,3,2,0.26726578850178506
P00736,Calibre Plus Camping,Sports & Outdoors,7296.25,1731.37,118,73,0.2372958711666952
P00737,Brivon Lite Cookware,Home & Kitchen,8698.2,2781.76,211,140,0.31980869605205675
P00738,Lumex Essential Drinkware,Home & Kitchen,24066.44,5816.86,409,278,0.2417000603329782
P00739,Velto Pro Jeans,Fashion,4142.5,1408.76,135,97,0.340074834037417
P00740,Novexa Comfort T-Shirts,Fashion,1653.57,757.47,30,24,0.45808160525408664
P00741,Torven Flex Mice,Electronics,36881.229999999996,8354.79,307,211,0.22653230383043085
P00742,Zenvia Lite Headphones,Electronics,13001.95,1994.71,87,54,0.15341621833648028
P00743,Kentra Plus Stationery,Office,4579.01,992.21,122,82,0.21668657635602456
P00744,Mavix Comfort Power Banks,Electronics,21364.0,5750.4,80,58,0.2691630780752668
P00745,Brivon Classic T-Shirts,Fashion,7128.55,3493.82,191,127,0.49011650335622253
P00746,Calibre Elite Shoes,Fashion,10937.7,4252.14,294,206,0.3887599769604213
P00747,Tekaro Prime Lighting,Home & Kitchen,14633.98,4546.42,252,171,0.31067556467891855
P00748,Lumex Lite Jackets,Fashion,1978.47,776.97,89,56,0.39271255060728744
P00749,Zenvia Lite Yoga,Sports & Outdoors,3256.45,1212.84,78,46,0.3724423835772083
P00750,Solara Comfort Stationery,Office,3088.23,899.0300000000001,65,43,0.2911149752447195
P00751,Tekaro Comfort Cookware,Home & Kitchen,123256.15,40850.51,3013,2022,0.3314277624280817
P00752,Solara Lite Drinkware,Home & Kitchen,7244.64,1772.3899999999999,371,265,0.24464845734225577
P00753,Orbito Lite Lighting,Home & Kitchen,4116.13,1148.33,71,46,0.27898292813881
P00754,Nexora Lite Shoes,Fashion,6881.14,3496.22,98,72,0.5080873227401274
P00755,Zenvia Flex Yoga,Sports & Outdoors,4639.67,1479.5,117,73,0.31888043761733054
P00756,Velto Elite Cookware,Home & Kitchen,11789.06,3119.76,209,145,0.26463178574033897
P00757,Orbito Plus Lighting,Home & Kitchen,7805.179999999999,1931.42,144,99,0.24745361413830305
P00758,Calibre Pro Grooming,Pet Supplies,792.19,278.11,27,17,0.3510647698153221
P00759,Lumex Comfort Headphones,Electronics,36620.97,10630.05,207,138,0.29027221288786176
P00760,Nexora Essential Jackets,Fashion,5041.43,2761.37,106,78,0.5477354639457455
P00761,Mavix Lite Yoga,Sports & Outdoors,8138.58,3318.69,84,58,0.4077726089809279
P00762,Velto Essential Power Banks,Electronics,3946.7999999999997,1145.96,98,67,0.29035167730819905
P00763,Torven Lite Mice,Electronics,13694.48,3844.2200000000003,282,197,0.28071310484224304
P00764,Solara Max Smart Watches,Electronics,5630.94,1336.52,83,55,0.23735291088166452
P00765,Solara Prime Grooming,Pet Supplies,1785.06,679.62,48,35,0.3807266982622433
P00766,Brivon Plus Smart Watches,Electronics,8709.37,1387.81,102,75,0.1593467724990441
P00767,Nexora Pro Bedding,Home & Kitchen,532.85,173.75,14,11,0.3260767570610866
P00768,Mavix Flex Mice,Electronics,47835.57,12503.56,365,253,0.2613862445874482
P00769,Brivon Essential Mice,Electronics,26197.02,5756.2300000000005,164,104,0.21972842712644416
P00770,Brivon Classic Makeup,Beauty,1185.34,527.28,26,18,0.4448343935073481
P00771,Orbito Classic Storage,Home & Kitchen,1232.27,354.83,32,24,0.2879482580927881
P00772,Calibre Flex Fragrance,Beauty,3704.0299999999997,1459.43,129,95,0.39401138759675275
P00773,Kentra Classic Skincare,Beauty,7160.24,2807.47,300,210,0.3920916058679597
P00774,Lumex Plus Chairs,Office,2875.31,912.99,76,49,0.31752750138245966
P00775,Mirello Pro Headphones,Electronics,2538.77,568.27,35,24,0.22383673983858324
P00776,Lumex Pro Chairs,Office,2963.59,802.15,76,51,0.27066834481152924
P00777,Kentra Prime Makeup,Beauty,10451.99,4882.16,421,290,0.4671033937078011
P00778,Calibre Plus Headphones,Electronics,27343.14,4204.5,504,331,0.1537680017730224
P00779,Tekaro Classic Camping,Sports & Outdoors,2495.21,1012.61,60,48,0.4058215540976511
P00780,Calibre Pro Stationery,Office,3347.37,1099.53,168,119,0.3284757884548168
P00781,Mavix Prime Cookware,Home & Kitchen,30689.13,11375.35,1217,848,0.3706638148425843
P00782,Velto Elite Grooming,Pet Supplies,2114.34,800.58,42,30,0.3786429807883311
P00783,Torven Classic T-Shirts,Fashion,2118.62,844.82,22,17,0.3987595699087142
P00784,Torven Pro Hair Care,Beauty,20730.91,10759.63,792,543,0.5190138783102141
P00785,Kentra Comfort Toys,Pet Supplies,1821.38,649.52,135,102,0.3566087252522812
P00786,Tekaro Elite T-Shirts,Fashion,1461.28,494.59000000000003,53,37,0.33846353881528524
P00787,Nexora Max Chairs,Office,6068.75,1284.65,222,161,0.21168280123583935
P00788,Tekaro Plus Cookware,Home & Kitchen,22037.43,4466.29,289,197,0.20266836922454207
P00789,Solara Max Organizers,Office,60191.74,11297.19,2137,1455,0.18768671581848276
P00790,Avero Classic Makeup,Beauty,79.75,34.8,5,4,0.43636363636363634
P00791,Lumex Essential Storage,Home & Kitchen,7002.34,2001.94,120,75,0.2858958576704359
P00792,Brivon Lite Accessories,Fashion,28925.49,15883.09,280,185,0.5491035761191945
P00793,Lumex Pro Drinkware,Home & Kitchen,20332.9,4838.95,345,224,0.23798621937844575
P00794,Zenvia Classic Headphones,Electronics,1258.13,261.86,33,29,0.20813429454825813
P00795,Nexora Elite Headphones,Electronics,7092.22,1337.98,144,94,0.188654610263077
P00796,Brivon Plus Small Appliances,Home & Kitchen,16963.22,4954.44,131,88,0.29206954811645425
P00797,Solara Pro Headphones,Electronics,20032.92,3007.34,286,206,0.15011990264025415
P00798,Nexora Elite Mice,Electronics,30562.18,4928.18,350,247,0.1612509317070968
P00799,Avero Comfort Running,Sports & Outdoors,6925.16,2282.28,237,161,0.32956350466992823
P00800,Orbito Prime Camping,Sports & Outdoors,15023.449999999999,3599.5099999999998,209,143,0.23959276996961418
P00801,Velto Lite Outdoor Gear,Sports & Outdoors,20992.74,5870.07,617,410,0.279623812803855
P00802,Mavix Comfort Small Appliances,Home & Kitchen,22110.93,8248.05,432,292,0.37303044241015637
P00803,Tekaro Classic Organizers,Office,12146.09,4092.2200000000003,211,144,0.3369166538367491
P00804,Velto Max Makeup,Beauty,4457.31,2229.64,89,61,0.5002209853027947
P00805,Lumex Flex Power Banks,Electronics,3324.17,578.26,39,28,0.17395620560921973
P00806,Mirello Lite Speakers,Electronics,6918.53,1794.32,91,69,0.2593498908005024
P00807,Novexa Prime Running,Sports & Outdoors,27364.3,11113.75,581,415,0.40614048230723976
P00808,Kentra Pro Keyboards,Electronics,1283.1299999999999,204.48000000000002,17,12,0.15936031423160554
P00809,Kentra Plus Jackets,Fashion,3549.42,1900.14,192,128,0.5353381679260274
P00810,Tekaro Flex Grooming,Pet Supplies,3985.19,1398.8,219,139,0.35099957592988035
P00811,Calibre Plus Smart Watches,Electronics,4302.36,1272.15,43,23,0.2956865534264915
P00812,Novexa Prime Keyboards,Electronics,17798.4,5162.65,326,222,0.2900625898957209
P00813,Nexora Plus Grooming,Pet Supplies,4674.43,1335.97,306,191,0.28580383062747755
P00814,Calibre Elite Fragrance,Beauty,3702.87,1898.47,130,87,0.5127023092898212
P00815,Nexora Comfort Speakers,Electronics,42150.05,10065.06,465,309,0.2387911758111793
P00816,Calibre Lite Chairs,Office,2923.45,468.25,62,43,0.16017034667943697
P00817,Tekaro Elite Chairs,Office,968.13,206.33,52,32,0.213122204662597
P00818,Orbito Prime Jackets,Fashion,9232.81,3441.25,334,209,0.37271968122380944
P00819,Orbito Pro Skincare,Beauty,2665.28,1529.6,91,65,0.5738984271821347
P00820,Zenvia Plus Lighting,Home & Kitchen,10755.92,2157.2000000000003,338,242,0.20055931989081363
P00821,Lumex Lite Keyboards,Electronics,1561.87,430.85,22,13,0.27585522482665015
P00822,Velto Max Skincare,Beauty,1331.76,560.8000000000001,46,29,0.4210968943353157
P00823,Tekaro Lite Cookware,Home & Kitchen,322.81,111.57,4,3,0.3456212632818066
P00824,Solara Classic Camping,Sports & Outdoors,2637.21,816.0699999999999,46,31,0.30944445076425464
P00825,Mirello Essential Stationery,Office,3927.65,1157.75,105,71,0.2947691367611676
P00826,Orbito Classic Power Banks,Electronics,6686.62,1491.8200000000002,78,60,0.22310524599872583
P00827,Calibre Classic Fragrance,Beauty,450.95,212.35,20,11,0.4708947776915401
P00828,Kentra Flex Drinkware,Home & Kitchen,16502.75,5023.81,321,204,0.304422596233961
P00829,Orbito Max Printers,Office,1233.38,422.84,57,45,0.3428302712870323
P00830,Mavix Elite Drinkware,Home & Kitchen,4690.35,1239.35,116,88,0.26423401238713523
P00831,Nexora Max Fragrance,Beauty,2361.0699999999997,1091.97,70,54,0.46248946452244116
P00832,Novexa Comfort Fragrance,Beauty,6210.0,3270.8599999999997,223,159,0.5267085346215781
P00833,Mavix Classic T-Shirts,Fashion,1336.64,588.3000000000001,31,21,0.4401334689968877
P00834,Novexa Prime Fitness,Sports & Outdoors,2720.44,1111.0,56,41,0.40838981929393775
P00835,Novexa Prime Camping,Sports & Outdoors,4934.58,1601.32,111,78,0.32450988736630065
P00836,Mavix Pro Skincare,Beauty,1700.42,782.66,64,44,0.4602745204126039
P00837,Avero Essential Fitness,Sports & Outdoors,6352.62,1998.93,167,119,0.31466229681611685
P00838,Zenvia Max Pet Beds,Pet Supplies,512.06,190.62,14,9,0.37226106315666135
P00839,Avero Comfort T-Shirts,Fashion,53808.33,17312.21,1053,691,0.32173847432172675
P00840,Tekaro Pro Jackets,Fashion,79222.57,34550.82,2285,1549,0.43612344310466067
P00841,Calibre Essential Mice,Electronics,36324.24,8741.26,475,345,0.2406453651886454
P00842,Kentra Max Stationery,Office,62133.45,15402.12,2023,1397,0.24788773197046038
P00843,Mavix Classic Shoes,Fashion,1265.8700000000001,602.51,48,37,0.4759651465000355
P00844,Lumex Max Accessories,Fashion,21247.07,10633.8,574,397,0.5004831254380016
P00845,Tekaro Comfort Keyboards,Electronics,28745.77,6705.7699999999995,250,169,0.23327849627962652
P00846,Mirello Comfort Printers,Office,11120.86,2196.93,206,141,0.19755036930597092
P00847,Solara Comfort Jackets,Fashion,1570.61,787.3100000000001,42,29,0.5012765740699474
P00848,Torven Lite Fitness,Sports & Outdoors,9023.47,2132.95,182,123,0.23637802308867875
P00849,Lumex Comfort Smart Watches,Electronics,4735.16,1055.06,133,94,0.22281401262048167
P00850,Mirello Plus Toys,Pet Supplies,5898.72,2152.08,201,135,0.3648384734315241
P00851,Mirello Comfort Headphones,Electronics,62393.590000000004,8960.24,1128,772,0.1436083418184464
P00852,Lumex Comfort Storage,Home & Kitchen,7857.44,1754.94,125,86,0.22334755340161683
P00853,Novexa Comfort Desk Accessories,Office,2784.37,577.12,81,51,0.2072713037419596
P00854,Novexa Comfort Dog Supplies,Pet Supplies,543.52,150.13,31,22,0.27621798645864
P00855,Kentra Max Storage,Home & Kitchen,7558.76,1622.43,104,73,0.21464234874503227
P00856,Kentra Essential Shoes,Fashion,1165.79,557.14,35,22,0.4779076849175237
P00857,Torven Classic Camping,Sports & Outdoors,6174.75,1517.19,111,78,0.245708733147091
P00858,Calibre Pro Desk Accessories,Office,15353.039999999999,3129.4,286,214,0.20382933933605332
P00859,Mirello Elite Shoes,Fashion,88425.99,31090.14,1215,869,0.3515950457552129
P00860,Zenvia Essential Shoes,Fashion,8461.01,4645.1,189,138,0.54900065122249
P00861,Zenvia Max Cycling,Sports & Outdoors,12810.39,3126.36,240,159,0.24404877603257982
P00862,Mavix Max Camping,Sports & Outdoors,12402.7,4898.26,276,192,0.3949349738363421
P00863,Tekaro Plus Running,Sports & Outdoors,3735.94,1455.26,92,59,0.38952981043592777
P00864,Mavix Pro Makeup,Beauty,4266.51,2218.59,159,110,0.5200011250413101
P00865,Calibre Comfort Keyboards,Electronics,206.53000000000003,40.87,3,2,0.1978889265482012
P00866,Nexora Plus Toys,Pet Supplies,42171.13,12104.74,2548,1765,0.28703854983255134
P00867,Solara Flex Chairs,Office,16548.96,3009.6,268,206,0.1818603706819039
P00868,Mirello Pro Desk Accessories,Office,2388.87,823.67,130,89,0.3447948193078736
P00869,Torven Max Mice,Electronics,3106.73,588.6500000000001,43,26,0.18947575103082664
P00870,Orbito Lite Drinkware,Home & Kitchen,540.75,168.73000000000002,19,12,0.31202958853444296
P00871,Calibre Max Cycling,Sports & Outdoors,3909.4,1455.44,62,42,0.37229242338977847
P00872,Zenvia Flex Speakers,Electronics,379.62,107.6,7,6,0.283441336072915
P00873,Velto Elite Dog Supplies,Pet Supplies,14475.17,4967.57,497,356,0.3431786984194313
P00874,Torven Essential Accessories,Fashion,1948.76,922.74,61,42,0.47350109813419816
P00875,Kentra Essential Outdoor Gear,Sports & Outdoors,5087.37,1321.0500000000002,36,29,0.2596724830315075
P00876,Torven Pro Printers,Office,11057.52,3798.45,273,182,0.3435173528964903
P00877,Torven Pro Shoes,Fashion,5231.92,1738.48,72,53,0.3322833682472209
P00878,Solara Flex Cookware,Home & Kitchen,3784.49,1133.53,137,96,0.2995198824676509
P00879,Mavix Elite Makeup,Beauty,2208.17,1078.7,179,126,0.48850405539428576
P00880,Velto Prime Makeup,Beauty,4103.13,1889.25,228,152,0.4604411753953689
P00881,Torven Pro Jeans,Fashion,14616.06,4602.5599999999995,169,123,0.31489744842317285
P00882,Novexa Elite Skincare,Beauty,38101.66,16321.960000000001,986,695,0.4283792359702963
P00883,Tekaro Pro Dog Supplies,Pet Supplies,2464.61,1050.3999999999999,89,68,0.42619319080909346
P00884,Mavix Elite Jeans,Fashion,2735.89,1275.79,62,36,0.46631626271524074
P00885,Novexa Max Drinkware,Home & Kitchen,21356.94,5542.86,228,151,0.2595343714970403
P00886,Zenvia Essential Bags,Fashion,29547.17,13608.69,502,360,0.4605750736872601
P00887,Velto Essential Bags,Fashion,2505.0299999999997,810.73,45,27,0.3236408346407029
P00888,Torven Plus Power Banks,Electronics,48032.67,13821.6,821,558,0.28775414733347116
P00889,Torven Essential Mice,Electronics,5705.89,1261.89,110,74,0.22115568298722899
P00890,Torven Essential Outdoor Gear,Sports & Outdoors,3492.3900000000003,803.4399999999999,55,40,0.23005448990519384
P00891,Solara Essential Drinkware,Home & Kitchen,7893.94,1770.1399999999999,134,89,0.2242403666610083
P00892,Brivon Prime Dog Supplies,Pet Supplies,1792.17,556.31,122,88,0.3104114007041742
P00893,Torven Prime Bedding,Home & Kitchen,14835.21,5339.7,307,217,0.35993423753354353
P00894,Torven Essential Mice,Electronics,59249.92,9273.28,603,417,0.15651126617554928
P00895,Tekaro Pro Yoga,Sports & Outdoors,934.39,365.83,24,16,0.39151746058926146
P00896,Zenvia Lite Organizers,Office,1305.95,282.27,56,43,0.21614150618323824
P00897,Novexa Elite Lighting,Home & Kitchen,11889.6,3381.8,140,97,0.28443345444758444
P00898,Brivon Plus Lighting,Home & Kitchen,18636.9,6313.01,256,170,0.3387371290289694
P00899,Solara Prime Bedding,Home & Kitchen,51390.04,11280.93,1591,1099,0.2195158828442243
P00900,Mavix Max Jackets,Fashion,11540.5,3888.65,215,149,0.33695680429790736
P00901,Nexora Lite T-Shirts,Fashion,1939.99,689.48,68,42,0.3554038938345043
P00902,Velto Essential Drinkware,Home & Kitchen,7209.639999999999,2658.5,137,88,0.36874240600085445
P00903,Solara Pro Speakers,Electronics,107706.45,18182.510000000002,1618,1133,0.1688154237745279
P00904,Solara Classic Jackets,Fashion,16618.420000000002,8882.8,1126,771,0.5345153149336699
P00905,Nexora Max Pet Beds,Pet Supplies,1504.8300000000002,573.64,29,22,0.3811992052258394
P00906,Velto Comfort Camping,Sports & Outdoors,317.34000000000003,103.22,7,5,0.3252662759185731
P00907,Kentra Lite T-Shirts,Fashion,20810.07,7383.72,665,452,0.3548147603540017
P00908,Zenvia Prime Power Banks,Electronics,15472.37,4067.5699999999997,160,116,0.2628924980465177
P00909,Novexa Prime Drinkware,Home & Kitchen,7442.74,1827.93,185,125,0.24559906701026774
P00910,Solara Classic Bedding,Home & Kitchen,5238.38,1964.9399999999998,164,107,0.37510451704534603
P00911,Mirello Comfort Cycling,Sports & Outdoors,3144.53,935.89,58,43,0.2976247642731982
P00912,Tekaro Pro Desk Accessories,Office,1328.44,248.48,116,79,0.18704646051007195
P00913,Novexa Pro Toys,Pet Supplies,1116.89,270.49,40,26,0.24218141446337596
P00914,Tekaro Plus Dog Supplies,Pet Supplies,1703.6299999999999,549.47,72,51,0.32252895288296174
P00915,Tekaro Pro Pet Beds,Pet Supplies,12661.4,4855.9,134,94,0.38351998989053343
P00916,Nexora Pro Cat Supplies,Pet Supplies,3004.05,854.41,244,166,0.28441936718763
P00917,Avero Flex Smart Watches,Electronics,1218.49,313.69,10,9,0.2574415875386749
P00918,Avero Max Power Banks,Electronics,8863.25,2030.79,249,165,0.22912475672016472
P00919,Calibre Classic Drinkware,Home & Kitchen,9030.72,2269.42,130,92,0.25130000708692113
P00920,Nexora Flex Hair Care,Beauty,3727.07,1605.83,132,86,0.4308558733804302
P00921,Mirello Comfort Power Banks,Electronics,2438.77,491.89,78,50,0.20169593688621723
P00922,Novexa Essential Stationery,Office,2239.43,622.39,82,50,0.27792340015093125
P00923,Calibre Flex Skincare,Beauty,11717.6,5916.17,1253,837,0.5048960537994128
P00924,Zenvia Plus Fragrance,Beauty,1118.88,466.08,48,31,0.41655941655941653
P00925,Brivon Prime Power Banks,Electronics,41093.58,11034.04,829,576,0.2685100689694108
P00926,Velto Elite Bedding,Home & Kitchen,57929.14,14776.02,1559,1070,0.25507059141565025
P00927,Nexora Classic Mice,Electronics,6914.07,1191.7,74,50,0.17235868309114605
P00928,Lumex Elite Organizers,Office,1426.8600000000001,313.58,112,75,0.21976928360175488
P00929,Orbito Elite Grooming,Beauty,4310.45,1510.31,177,122,0.35038337064575625
P00930,Mirello Pro Cycling,Sports & Outdoors,13265.98,4380.7300000000005,359,247,0.3302228708320079
P00931,Calibre Flex Lighting,Home & Kitchen,1915.59,549.12,117,74,0.2866584185551188
P00932,Kentra Flex Shoes,Fashion,2301.37,865.43,61,42,0.3760499180922668
P00933,Orbito Prime Shoes,Fashion,3894.35,1357.73,67,45,0.3486409798811098
P00934,Mirello Flex Camping,Sports & Outdoors,31145.84,10104.83,771,523,0.32443594393344344
P00935,Torven Essential Camping,Sports & Outdoors,7706.26,2056.19,79,53,0.26682074054080707
P00936,Velto Flex Bedding,Home & Kitchen,14235.78,4087.62,528,373,0.2871370588755937
P00937,Novexa Prime Dog Supplies,Pet Supplies,11335.31,4016.83,454,304,0.35436437115526614
P00938,Mavix Classic Mice,Electronics,7367.6900000000005,1091.23,166,126,0.1481101946471689
P00939,Mavix Plus Organizers,Office,13532.9,4265.47,199,136,0.31519260468931276
P00940,Calibre Flex Smart Watches,Electronics,74262.1,15819.94,1204,828,0.2130284492358821
P00941,Lumex Comfort Small Appliances,Home & Kitchen,66836.89,16862.489999999998,801,537,0.25229315726689255
P00942,Torven Pro Chairs,Office,4479.57,1406.84,186,128,0.3140569295713651
P00943,Lumex Elite Power Banks,Electronics,30549.61,7830.26,339,221,0.25631292838108244
P00944,Avero Prime Accessories,Fashion,23352.58,10452.58,300,202,0.44759850945805557
P00945,Zenvia Comfort Accessories,Fashion,1119.34,499.18,38,24,0.4459592259724481
P00946,Calibre Lite Drinkware,Home & Kitchen,1293.95,399.63,56,46,0.3088450094671355
P00947,Solara Lite Running,Sports & Outdoors,4242.54,1534.06,184,124,0.3615899909016768
P00948,Mirello Essential Printers,Office,4963.01,1192.45,135,92,0.240267498957286
P00949,Avero Plus Desk Accessories,Office,601.75,169.65,12,9,0.2819277108433735
P00950,Velto Pro Bedding,Home & Kitchen,20796.73,7846.11,411,290,0.37727613908532737
P00951,Zenvia Lite T-Shirts,Fashion,6349.79,1994.79,134,83,0.3141505467109936
P00952,Kentra Pro Drinkware,Home & Kitchen,17129.96,5576.98,386,263,0.32556876957097386
P00953,Novexa Classic Cookware,Home & Kitchen,4645.55,1555.13,118,84,0.33475691791068873
P00954,Torven Pro Headphones,Electronics,5373.15,1619.78,52,39,0.30145817630254135
P00955,Orbito Max Dog Supplies,Pet Supplies,1725.31,493.99,93,69,0.28631955996313707
P00956,Tekaro Max Organizers,Office,9159.04,1619.1000000000001,277,177,0.17677616868143387
P00957,Brivon Flex Outdoor Gear,Sports & Outdoors,9787.83,3959.21,158,106,0.40450334752442574
P00958,Calibre Plus T-Shirts,Fashion,47369.7,24395.3,346,243,0.5149979839433224
P00959,Calibre Max Jeans,Fashion,7571.21,3278.08,73,48,0.43296646110727344
P00960,Torven Flex T-Shirts,Fashion,52895.72,26576.49,911,637,0.5024317657458864
P00961,Torven Essential Bags,Fashion,55771.909999999996,27654.739999999998,1018,697,0.49585427502841484
P00962,Nexora Flex Shoes,Fashion,49758.08,23251.28,888,598,0.4672865190939843
P00963,Velto Essential Speakers,Electronics,6472.39,1555.27,39,27,0.24029299841326
P00964,Mirello Lite Smart Watches,Electronics,24810.8,7220.84,366,253,0.2910361616715302
P00965,Nexora Lite Cat Supplies,Pet Supplies,2356.37,780.47,153,113,0.33121708390448024
P00966,Kentra Comfort Shoes,Fashion,10554.35,5792.21,285,196,0.5487983627603784
P00967,Zenvia Flex Cat Supplies,Pet Supplies,3982.59,1751.64,321,217,0.43982433541991517
P00968,Nexora Flex Smart Watches,Electronics,62867.76,18637.96,556,372,0.2964629247168978
P00969,Orbito Flex Makeup,Beauty,4354.68,1969.48,268,170,0.4522674455987581
P00970,Solara Max Storage,Home & Kitchen,19342.89,4152.82,500,338,0.2146949085684714
P00971,Mavix Comfort Lighting,Home & Kitchen,3038.39,698.09,67,48,0.22975654869848836
P00972,Solara Plus Speakers,Electronics,56907.57,16164.210000000001,774,537,0.2840432301010217
P00973,Tekaro Lite Mice,Electronics,78363.56999999999,14580.33,698,457,0.1860600531599058
P00974,Nexora Lite Dog Supplies,Pet Supplies,1666.85,529.51,73,56,0.3176710561838198
P00975,Orbito Elite Lighting,Home & Kitchen,6888.99,2184.9900000000002,175,124,0.31717131248557484
P00976,Nexora Plus Skincare,Beauty,9463.22,4858.2300000000005,193,131,0.513380223644806
P00977,Velto Essential Accessories,Fashion,5184.14,1583.3,222,144,0.30541227667462684
P00978,Brivon Elite Jackets,Fashion,2630.85,972.63,87,59,0.36970180740065
P00979,Mirello Flex Bags,Fashion,9289.67,3677.18,123,84,0.3958353741306203
P00980,Mavix Plus Bedding,Home & Kitchen,20409.34,7000.860000000001,724,483,0.3430223613306457
P00981,Lumex Lite Grooming,Pet Supplies,10673.07,4671.96,509,366,0.437733473124415
P00982,Mavix Plus Printers,Office,2815.76,739.52,123,86,0.2626360201153507
P00983,Zenvia Plus Camping,Sports & Outdoors,12544.73,3878.94,223,153,0.3092087274895514
P00984,Tekaro Flex T-Shirts,Fashion,5734.08,2370.93,105,72,0.41348045370835423
P00985,Kentra Elite Speakers,Electronics,38280.32,6820.97,365,247,0.17818476961530103
P00986,Zenvia Plus Dog Supplies,Pet Supplies,4770.06,1885.83,219,160,0.39534722833675046
P00987,Lumex Prime Cookware,Home & Kitchen,65434.87,13386.59,1385,959,0.20457884305416973
P00988,Kentra Prime Speakers,Electronics,15057.08,2078.41,286,175,0.13803539597319
P00989,Novexa Lite Bedding,Home & Kitchen,12364.98,3478.83,245,169,0.28134538025941
P00990,Zenvia Pro Printers,Office,11833.17,3101.18,296,191,0.2620751666713146
P00991,Zenvia Classic Makeup,Beauty,1661.96,746.21,45,33,0.4489939589400467
P00992,Velto Max Yoga,Sports & Outdoors,14806.42,4800.07,285,196,0.32418842637180356
P00993,Novexa Prime Printers,Office,3334.13,894.0,77,59,0.26813591551619165
P00994,Calibre Essential Bedding,Home & Kitchen,3189.32,784.52,90,64,0.24598346983055946
P00995,Mavix Lite Pet Beds,Pet Supplies,4567.0199999999995,1485.6200000000001,217,149,0.32529307951355596
P00996,Mavix Elite Bags,Fashion,4766.5199999999995,2170.6,74,56,0.4553846412057434
P00997,Brivon Lite Makeup,Beauty,4630.43,1960.3,106,74,0.4233516109734949
P00998,Mavix Lite Mice,Electronics,3268.54,482.59000000000003,41,25,0.14764696164036545
P00999,Brivon Prime Dog Supplies,Pet Supplies,6295.39,2433.15,239,167,0.38649710343600635
P01000,Velto Pro Cookware,Home & Kitchen,51800.65,17800.32,1986,1328,0.34363120926088764
P01001,Tekaro Lite Headphones,Electronics,9998.44,1802.55,154,109,0.1802831241673701
P01002,Mirello Elite Accessories,Fashion,23046.89,8521.09,236,165,0.36972841021066183
P01003,Novexa Classic Keyboards,Electronics,7329.48,858.6700000000001,73,55,0.11715292217183212
P01004,Avero Pro Headphones,Electronics,15562.09,2403.07,194,137,0.15441820475270354
P01005,Novexa Pro Makeup,Beauty,4447.41,1593.84,219,161,0.3583748743650799
P01006,Kentra Flex T-Shirts,Fashion,3227.7,1508.41,110,76,0.4673327756606872
P01007,Lumex Essential Toys,Pet Supplies,2054.7999999999997,752.6999999999999,145,98,0.3663130231652716
P01008,Velto Max Bedding,Home & Kitchen,1538.4,562.96,137,96,0.3659386375455018
P01009,Mavix Elite Cycling,Sports & Outdoors,34220.07,8210.71,356,245,0.2399384337904627
P01010,Solara Elite Accessories,Fashion,1588.2,654.36,36,30,0.41201360030222894
P01011,Solara Max Yoga,Sports & Outdoors,2251.98,671.1800000000001,64,36,0.2980399470688017
P01012,Brivon Prime Fragrance,Beauty,1693.94,689.4399999999999,98,73,0.40700378998075487
P01013,Tekaro Essential T-Shirts,Fashion,18017.25,5591.34,366,266,0.31033259792698664
P01014,Solara Lite Pet Beds,Pet Supplies,212.16,66.8,8,6,0.31485671191553544
P01015,Lumex Max Bedding,Home & Kitchen,1738.26,544.87,47,30,0.31345713529621577
P01016,Velto Max Smart Watches,Electronics,36325.73,10402.05,148,96,0.2863548784842039
P01017,Torven Prime Cycling,Sports & Outdoors,12632.36,3685.02,113,76,0.2917127124306147
P01018,Mavix Lite Organizers,Office,6874.11,2080.79,212,150,0.30269954946894945
P01019,Avero Max Power Banks,Electronics,5521.54,1604.38,62,49,0.2905674866069973
P01020,Mavix Lite Jeans,Fashion,16060.5,5753.72,242,167,0.3582528563867875
P01021,Calibre Plus Organizers,Office,2029.87,495.19,58,44,0.24395158310630732
P01022,Solara Flex Camping,Sports & Outdoors,4590.93,1438.29,128,85,0.3132894642262025
P01023,Zenvia Lite Toys,Pet Supplies,8675.4,3330.43,391,280,0.3838935380501187
P01024,Velto Comfort Jackets,Fashion,5307.65,2339.65,100,66,0.44080713686848233
P01025,Solara Essential Outdoor Gear,Sports & Outdoors,97136.76,30126.87,1709,1170,0.3101490105290726
P01026,Torven Max Cookware,Home & Kitchen,9191.99,2613.99,130,91,0.28437694122817797
P01027,Brivon Lite Toys,Pet Supplies,1693.71,528.24,159,117,0.3118833802717112
P01028,Orbito Lite Shoes,Fashion,10926.39,4510.89,182,125,0.4128435832878014
P01029,Nexora Prime Outdoor Gear,Sports & Outdoors,3055.92,1144.41,50,35,0.37448951543234116
P01030,Avero Comfort Accessories,Fashion,24612.469999999998,9416.87,324,215,0.3826056466498487
P01031,Novexa Flex Fragrance,Beauty,3573.72,1958.82,94,62,0.5481179275376918
P01032,Calibre Plus Fitness,Sports & Outdoors,53509.28,13372.45,1031,705,0.2499089877494147
P01033,Mirello Comfort T-Shirts,Fashion,5458.23,2055.51,139,96,0.37658911405345696
P01034,Brivon Plus Pet Beds,Pet Supplies,925.89,300.21,44,29,0.3242393804879629
P01035,Tekaro Essential T-Shirts,Fashion,4592.14,2265.82,108,75,0.49341265727961253
P01036,Orbito Plus Hair Care,Beauty,1257.49,686.92,133,91,0.546262793342293
P01037,Lumex Comfort Small Appliances,Home & Kitchen,15367.960000000001,4334.860000000001,234,163,0.2820712703572888
P01038,Calibre Max Shoes,Fashion,6203.99,2341.67,152,100,0.3774458050383705
P01039,Mirello Flex T-Shirts,Fashion,57876.380000000005,28748.86,1372,961,0.4967287173109306
P01040,Kentra Pro Mice,Electronics,4300.21,768.11,95,61,0.1786215091821097
P01041,Mavix Max Smart Watches,Electronics,266772.17,53652.89,3032,2123,0.2011187673736732
P01042,Zenvia Max Camping,Sports & Outdoors,4657.63,1604.2,43,32,0.34442409551638925
P01043,Brivon Classic Camping,Sports & Outdoors,2293.33,828.14,74,46,0.3611080830059346
P01044,Mirello Max Cycling,Sports & Outdoors,14657.46,3833.43,83,58,0.26153439954807994
P01045,Tekaro Plus Power Banks,Electronics,6219.99,1638.15,68,41,0.26336859062474377
P01046,Calibre Classic Small Appliances,Home & Kitchen,3806.6,1204.68,173,119,0.31647139179320133
P01047,Torven Lite Lighting,Home & Kitchen,9402.19,2388.13,93,74,0.25399720703368045
P01048,Velto Lite Cycling,Sports & Outdoors,30630.670000000002,11089.17,707,485,0.3620283199812475
P01049,Velto Prime Desk Accessories,Office,9669.949999999999,3326.5,293,202,0.3440038469692191
P01050,Mirello Plus Drinkware,Home & Kitchen,32623.079999999998,7925.64,432,302,0.24294579175234224
P01051,Mirello Classic Outdoor Gear,Sports & Outdoors,2127.94,734.12,88,66,0.3449909301954002
P01052,Mavix Pro Speakers,Electronics,29495.33,7159.4,154,112,0.24272995080916196
P01053,Lumex Elite Drinkware,Home & Kitchen,2223.61,572.67,37,25,0.257540665854174
P01054,Kentra Prime Speakers,Electronics,6352.36,1732.78,119,80,0.2727773614845506
P01055,Zenvia Elite Cookware,Home & Kitchen,9788.8,2561.87,277,188,0.2617144083033671
P01056,Brivon Flex Cycling,Sports & Outdoors,30330.16,8400.76,524,376,0.2769771079348081
P01057,Solara Comfort Grooming,Pet Supplies,919.3399999999999,274.97,47,29,0.29909500293688956
P01058,Solara Prime Bedding,Home & Kitchen,3750.63,966.75,111,79,0.25775669687492503
P01059,Tekaro Lite Grooming,Beauty,1544.21,623.3399999999999,71,49,0.40366271426813705
P01060,Mirello Prime Running,Sports & Outdoors,14058.560000000001,4138.77,270,194,0.29439501627478204
P01061,Tekaro Classic Toys,Pet Supplies,1549.55,685.6800000000001,49,40,0.4425026620631797
P01062,Torven Max Skincare,Beauty,650.82,384.94,34,25,0.5914692234411972
P01063,Calibre Flex Lighting,Home & Kitchen,2465.76,855.51,75,52,0.3469559081175783
P01064,Orbito Prime Fragrance,Beauty,89676.61,35858.4,1938,1298,0.399863464954797
P01065,Velto Elite Lighting,Home & Kitchen,18142.63,4257.19,678,471,0.23465120547572207
P01066,Lumex Classic Cat Supplies,Pet Supplies,1233.1,378.96999999999997,71,51,0.30733111669775365
P01067,Zenvia Essential Bags,Fashion,9144.5,3197.9,165,129,0.3497074744381869
P01068,Kentra Essential Cycling,Sports & Outdoors,2010.31,546.19,83,53,0.2716944152891843
P01069,Kentra Comfort Headphones,Electronics,85814.04,11310.51,728,503,0.13180255818278688
P01070,Nexora Classic Shoes,Fashion,7637.52,2520.96,163,117,0.3300757313892468
P01071,Mirello Essential Organizers,Office,1106.48,265.52,73,53,0.23996818740510445
P01072,Orbito Elite Makeup,Beauty,962.5699999999999,526.26,72,48,0.5467238746272999
P01073,Mirello Prime T-Shirts,Fashion,13788.27,5330.43,612,407,0.3865916463776819
P01074,Tekaro Comfort Dog Supplies,Pet Supplies,5473.25,1769.99,181,125,0.32338921116338554
P01075,Nexora Lite Chairs,Office,3366.32,624.08,116,74,0.18538938662991042
P01076,Solara Classic Cookware,Home & Kitchen,4126.88,1366.88,160,99,0.33121389524289535
P01077,Brivon Elite Fragrance,Beauty,683.48,253.48,43,24,0.3708667407970972
P01078,Kentra Pro Jackets,Fashion,12001.27,5504.95,201,135,0.458697287870367
P01079,Tekaro Elite Makeup,Beauty,14302.19,5502.1,487,337,0.3847033216591305
P01080,Zenvia Comfort Cookware,Home & Kitchen,29470.489999999998,10051.130000000001,552,381,0.3410574442433771
P01081,Zenvia Comfort Small Appliances,Home & Kitchen,2338.17,516.84,59,42,0.2210446631339894
P01082,Novexa Plus Pet Beds,Pet Supplies,2914.12,1177.15,236,151,0.4039469891425199
P01083,Orbito Lite Dog Supplies,Pet Supplies,2207.96,780.44,96,60,0.35346654830703456
P01084,Kentra Flex Organizers,Office,13664.69,4782.65,349,232,0.35000062204118787
P01085,Mirello Classic Pet Beds,Pet Supplies,7713.66,3023.31,315,212,0.3919423464347664
P01086,Zenvia Max Running,Sports & Outdoors,55559.26,16099.84,657,460,0.28977779761645495
P01087,Avero Essential Running,Sports & Outdoors,1245.54,518.32,26,20,0.41614079033993295
P01088,Velto Plus Fitness,Sports & Outdoors,6775.01,2373.2,119,80,0.35028730584899503
P01089,Mirello Elite Jackets,Fashion,6683.72,3527.58,314,226,0.5277869210559388
P01090,Nexora Classic Bags,Fashion,8311.02,2847.0699999999997,117,82,0.34256565379460036
P01091,Kentra Max Lighting,Home & Kitchen,4870.07,1871.15,201,148,0.384214189939775
P01092,Tekaro Elite Hair Care,Beauty,2280.76,907.26,50,33,0.3977884564794191
P01093,Velto Prime Drinkware,Home & Kitchen,35662.81,10773.880000000001,597,409,0.3021040686362068
P01094,Avero Max Cookware,Home & Kitchen,7563.5599999999995,1762.04,138,100,0.2329643712749023
P01095,Brivon Max Fragrance,Beauty,1656.2,592.4,135,100,0.35768626977418183
P01096,Mavix Plus Jeans,Fashion,11292.41,4337.21,207,136,0.3840818744625815
P01097,Mirello Essential Storage,Home & Kitchen,4963.87,1519.8700000000001,123,88,0.3061865036755596
P01098,Kentra Pro Stationery,Office,6791.85,1805.49,171,111,0.2658318425760286
P01099,Kentra Max Chairs,Office,1424.71,381.61,61,48,0.26785100125639605
P01100,Solara Plus Speakers,Electronics,75614.02,15932.03,580,390,0.21070206292430954
P01101,Kentra Lite Headphones,Electronics,51994.11,8414.11,500,343,0.16182813784099778
P01102,Calibre Elite Lighting,Home & Kitchen,7889.25,1553.0,137,98,0.19685014418354088
P01103,Mavix Prime Desk Accessories,Office,8337.9,2124.0,231,156,0.2547404022595618
P01104,Avero Prime Printers,Office,28876.78,7251.610000000001,987,639,0.25112252820432196
P01105,Kentra Essential Speakers,Electronics,3277.2799999999997,1034.0,26,24,0.3155055411804912
P01106,Tekaro Flex Running,Sports & Outdoors,515.03,184.35,14,11,0.35794031415645694
P01107,Calibre Comfort Speakers,Electronics,14645.65,2537.71,258,177,0.17327397554905383
P01108,Velto Lite T-Shirts,Fashion,3159.37,1624.69,147,99,0.5142449285775329
P01109,Nexora Comfort Toys,Pet Supplies,9777.18,3570.12,339,230,0.3651482329260584
P01110,Novexa Prime Small Appliances,Home & Kitchen,20805.37,6388.59,329,222,0.3070644742198769
P01111,Torven Plus Keyboards,Electronics,25838.98,7439.63,444,295,0.2879227430804157
P01112,Mavix Max Shoes,Fashion,3396.13,1093.91,86,50,0.32210486642148567
P01113,Tekaro Pro Fragrance,Beauty,1058.1000000000001,487.47999999999996,45,32,0.460712598053114
P01114,Tekaro Lite Pet Beds,Pet Supplies,602.75,171.75,20,10,0.2849440066362505
P01115,Velto Plus Dog Supplies,Pet Supplies,2988.7200000000003,1387.38,102,62,0.46420541235043766
P01116,Orbito Lite Smart Watches,Electronics,10029.24,1723.82,89,66,0.17187942456257901
P01117,Mirello Pro Keyboards,Electronics,10488.44,1464.3899999999999,133,87,0.13961942862808957
P01118,Zenvia Comfort Desk Accessories,Office,2706.64,891.28,122,85,0.3292938846688145
P01119,Brivon Pro Cookware,Home & Kitchen,1348.49,513.43,43,27,0.38074438816750583
P01120,Novexa Lite Stationery,Office,21701.4,7444.48,1022,696,0.34304146276277103
P01121,Mirello Plus Running,Sports & Outdoors,10417.33,3709.26,233,168,0.35606628569892673
P01122,Lumex Essential Headphones,Electronics,11756.11,2003.95,88,53,0.17046029681586852
P01123,Avero Classic Stationery,Office,9115.44,2597.42,170,120,0.28494729821050874
P01124,Solara Elite Keyboards,Electronics,2001.54,593.58,36,26,0.29656164753140085
P01125,Lumex Classic Shoes,Fashion,12276.6,5775.48,384,259,0.4704462147500122
P01126,Velto Plus Fragrance,Beauty,5042.69,2665.66,509,327,0.5286186539327224
P01127,Orbito Prime Accessories,Fashion,18288.96,8471.84,635,415,0.4632215281787483
P01128,Mirello Essential Outdoor Gear,Sports & Outdoors,8739.66,2210.37,151,110,0.2529125847000913
P01129,Nexora Elite Camping,Sports & Outdoors,4317.26,1408.86,88,71,0.32633197907932343
P01130,Brivon Essential Pet Beds,Pet Supplies,6929.2699999999995,2309.35,344,226,0.3332746450924845
P01131,Zenvia Classic Cat Supplies,Pet Supplies,30382.54,13302.73,880,593,0.437841273310263
P01132,Orbito Max T-Shirts,Fashion,1348.8899999999999,720.24,33,20,0.5339501367791296
P01133,Tekaro Plus Power Banks,Electronics,3710.69,550.37,64,47,0.1483201237505693
P01134,Zenvia Lite Yoga,Sports & Outdoors,4535.96,1879.15,97,63,0.4142783446062135
P01135,Kentra Elite Cat Supplies,Pet Supplies,3970.8,1466.26,162,108,0.36926060239750175
P01136,Orbito Lite Storage,Home & Kitchen,9223.52,2025.72,145,101,0.21962547920967265
P01137,Nexora Classic Jackets,Fashion,796.77,241.04,17,12,0.3025214302747342
P01138,Mirello Lite Accessories,Fashion,7767.780000000001,2522.58,94,67,0.32474915612955046
P01139,Velto Classic Speakers,Electronics,10316.3,3001.98,52,39,0.2909938640791757
P01140,Tekaro Essential Cycling,Sports & Outdoors,18434.29,5544.37,696,485,0.30076395673497597
P01141,Orbito Classic Jackets,Fashion,21351.079999999998,7158.08,285,183,0.33525610882447165
P01142,Mavix Lite Running,Sports & Outdoors,236.81,52.41,8,6,0.22131666737046576
P01143,Mavix Classic Organizers,Office,9719.79,1605.78,307,220,0.1652072729966388
P01144,Avero Elite Desk Accessories,Office,2704.49,856.61,54,37,0.3167362423229519
P01145,Mavix Max Jeans,Fashion,2705.75,1283.55,65,42,0.4743786380855585
P01146,Zenvia Lite Lighting,Home & Kitchen,16104.79,3403.45,258,183,0.21133153552452405
P01147,Brivon Plus Running,Sports & Outdoors,9114.86,2622.5099999999998,205,140,0.2877180779518281
P01148,Calibre Comfort Stationery,Office,1795.1599999999999,464.81,49,31,0.2589239956327013
P01149,Solara Comfort T-Shirts,Fashion,9760.39,3223.87,268,195,0.33030135066324195
P01150,Kentra Pro Printers,Office,7220.8,1307.5,115,86,0.18107411921116773
P01151,Calibre Elite Headphones,Electronics,74071.62,20255.83,941,670,0.2734627648213986
P01152,Solara Plus Organizers,Office,1237.27,282.55,48,33,0.22836567604484068
P01153,Tekaro Flex Speakers,Electronics,11545.59,1813.79,190,133,0.15709807814065804
P01154,Zenvia Classic Speakers,Electronics,5485.0,775.4,232,148,0.14136736554238832
P01155,Mirello Lite Accessories,Fashion,10109.58,4350.06,208,132,0.4302908726178536
P01156,Calibre Flex Speakers,Electronics,2851.72,777.69,36,27,0.27270910187535946
P01157,Kentra Elite Keyboards,Electronics,23184.31,5341.5199999999995,287,187,0.23039374473512472
P01158,Novexa Elite Power Banks,Electronics,13157.28,3400.92,246,168,0.25848199627886614
P01159,Orbito Elite Jeans,Fashion,130.34,55.86,7,5,0.42857142857142855
P01160,Tekaro Max Camping,Sports & Outdoors,17879.37,6822.54,179,118,0.38158727069242376
P01161,Orbito Comfort Speakers,Electronics,5786.06,1014.94,174,108,0.17541124703165883
P01162,Torven Prime Cycling,Sports & Outdoors,89001.48,31734.04,677,461,0.35655631793988146
P01163,Brivon Classic Printers,Office,1538.85,329.95,70,45,0.21441336062644184
P01164,Lumex Comfort Smart Watches,Electronics,16496.9,3655.17,81,55,0.22156708230031094
P01165,Zenvia Classic Power Banks,Electronics,8614.74,1017.24,150,86,0.11808133501417338
P01166,Torven Pro Organizers,Office,32990.63,6443.31,256,191,0.1953072736107192
P01167,Mavix Comfort Stationery,Office,72500.85,21178.5,2142,1461,0.292113816596633
P01168,Lumex Elite Jackets,Fashion,3137.32,996.87,65,42,0.317745719276325
P01169,Mavix Prime Desk Accessories,Office,8159.38,1496.98,128,89,0.18346737129536803
P01170,Kentra Plus Mice,Electronics,12418.92,1693.52,267,186,0.1363661252347225
P01171,Nexora Prime Shoes,Fashion,918.36,485.65999999999997,25,19,0.5288340084498453
P01172,Velto Prime Cycling,Sports & Outdoors,936.07,364.47,40,25,0.38936190669501214
P01173,Velto Pro Storage,Home & Kitchen,1703.18,457.5,46,33,0.2686151786657899
P01174,Orbito Flex Yoga,Sports & Outdoors,2828.19,1011.27,42,31,0.35756791446119246
P01175,Orbito Comfort Jeans,Fashion,3051.96,936.21,93,67,0.3067569692918649
P01176,Kentra Essential Outdoor Gear,Sports & Outdoors,22411.69,6292.19,313,231,0.2807548203638369
P01177,Zenvia Prime Bags,Fashion,27049.61,12771.17,319,222,0.4721387849954214
P01178,Solara Comfort Jeans,Fashion,8997.19,4465.79,163,103,0.4963538615945645
P01179,Tekaro Comfort Lighting,Home & Kitchen,2568.76,940.1600000000001,68,51,0.3659976019558075
P01180,Orbito Flex Lighting,Home & Kitchen,3234.1400000000003,855.94,94,64,0.2646576833408572
P01181,Tekaro Prime Cycling,Sports & Outdoors,3707.88,939.96,114,79,0.25350334962296517
P01182,Velto Lite Speakers,Electronics,12513.65,3571.79,174,124,0.2854315087923987
P01183,Novexa Max Keyboards,Electronics,26678.82,4867.68,234,160,0.1824548462038426
P01184,Lumex Comfort Headphones,Electronics,56798.0,12984.56,216,150,0.22860945807950983
P01185,Zenvia Plus Mice,Electronics,60039.75,15065.050000000001,797,557,0.2509179335356993
P01186,Calibre Comfort Stationery,Office,15638.97,3435.42,235,171,0.21967047701990605
P01187,Novexa Essential Accessories,Fashion,574.42,224.14,21,17,0.39020229100658055
P01188,Mavix Lite Grooming,Pet Supplies,31188.13,9259.26,1019,710,0.2968841030225281
P01189,Mirello Flex Smart Watches,Electronics,65374.53,12357.09,1302,886,0.189019944005716
P01190,Tekaro Lite Outdoor Gear,Sports & Outdoors,2594.93,811.61,132,99,0.3127675891064499
P01191,Orbito Essential Jeans,Fashion,10592.03,4998.56,141,101,0.47191709237983653
P01192,Tekaro Classic T-Shirts,Fashion,3579.73,1272.8799999999999,105,69,0.35557989010344354
P01193,Nexora Max Organizers,Office,2849.96,892.58,102,66,0.3131903605664641
P01194,Solara Flex Cat Supplies,Pet Supplies,7509.45,2254.71,263,173,0.30024968539640057
P01195,Orbito Max Printers,Office,906.7,198.07,23,18,0.21845152751737065
P01196,Kentra Essential Storage,Home & Kitchen,8115.63,2348.77,121,77,0.2894131447589405
P01197,Torven Elite Cookware,Home & Kitchen,16469.010000000002,4329.61,322,225,0.262894369485476
P01198,Avero Essential Cycling,Sports & Outdoors,13818.56,5292.280000000001,148,107,0.3829834657156752
P01199,Mirello Pro Small Appliances,Home & Kitchen,536.24,208.94,10,7,0.3896389676264359
P01200,Avero Classic Yoga,Sports & Outdoors,2725.42,948.46,36,22,0.3480050781164004
